Team,Player,Position,NFL Team,VAL,ADP,PROJ FPTS,AVG,GMS,RUSH YD,RUSH TD,RUSH CAR,REC,REC YD,REC TD,REC TAR,PASS CMP,PASS ATT,PASS YD,PASS TD,PASS INT
Team To Be Named Later,Josh Allen,QB,BUF,242,26,389.7,22.92,17,570.83,11.67,115.84,,,,,327.96,490.86,3684.14,27.76,11.06
Team 10,Jahmyr Gibbs,RB,DET,232,1,317.1,18.65,17,1272.77,13.74,266.36,68.16,519.86,3.91,68.16,,,,,
Team To Be Named Later,Puka Nacua,WR,LAR,229,4,343.4,20.2,17,89.71,1.19,13.81,118.74,1552.43,9.18,118.74,,,,,
FA,Ja'Marr Chase,WR,CIN,223,3,330.3,19.43,17,18.48,0.05,3.33,121.01,1431.99,10.91,121.01,,,,,
Herbert the Chubb Bug,Bijan Robinson,RB,ATL,217,2,307.6,18.09,17,1300.68,9.54,290.81,75.08,647.77,3.58,75.08,,,,,
Mundini’s Weenies,Jaxon Smith-Njigba,WR,SEA,211,6,311.8,18.34,17,30.26,0.06,5.65,110.28,1448.51,9.19,110.28,,,,,
Herbert the Chubb Bug,Amon-Ra St. Brown,WR,DET,209,8,309.4,18.2,17,11.99,0.04,2.89,115.24,1313.47,10.36,115.24,,,,,
Team 10,Drake Maye,QB,NE,198,58,343.4,20.2,17,459.84,3.86,96.89,,,,,342.84,501.61,3909.28,28.7,10.83
FA,Lamar Jackson,QB,BAL,190,48,350.2,20.6,17,619.98,3.66,117.11,,,,,284.58,440.41,3436.01,28.93,9.26
Herbert the Chubb Bug,Joe Burrow,QB,CIN,181,57,346.3,20.37,17,172.07,1.49,46.16,,,,,387.58,581.09,4081.24,34.37,11.39
My Team Is Bad,Brock Bowers,TE,LV,179,20,292.5,17.21,17,13.71,0.11,4.07,97.9,990.57,7.5,97.9,,,,,
FA,Jonathan Taylor,RB,IND,178,7,276.8,16.28,17,1378.43,12.95,326.47,44.23,331.44,1.52,44.23,,,,,
The Dart Knight,Christian McCaffrey,RB,SF,173,5,279,16.41,17,1014.6,8.26,261.36,76.79,635.43,4.76,76.79,,,,,
My Team Is Bad,Caleb Williams,QB,CHI,171,73,331.5,19.5,17,399.18,2.23,76.67,,,,,333.19,543.7,3749.9,28.85,9.81
The Dart Knight,Trey McBride,TE,ARI,168,22,308.1,18.12,17,0.3,0.09,,109.47,1034.29,6.73,109.47,,,,,
Badger? Hardly Know Her!,Jalen Hurts,QB,PHI,157,69,339.1,19.95,17,443.88,8.67,113.08,,,,,309.62,480.02,3374.8,24.26,7.66
Team 10,CeeDee Lamb,WR,DAL,155,11,271.4,15.96,17,16.09,0.04,3.11,99.16,1279.2,7.18,99.16,,,,,
The Dart Knight,Jaxson Dart,QB,NYG,153,98,314.7,18.51,17,497.2,6.93,99.97,,,,,319.34,504.06,3330.94,23.34,11.07
FA,Drake London,WR,ATL,152,17,269.7,15.86,17,0.93,,0.18,97.83,1208.16,8.7,97.83,,,,,
FA,James Cook III,RB,BUF,146,9,247.9,14.58,17,1318.89,10.66,285.82,33.67,284.78,1.89,33.67,,,,,
Houston’s Best FT,Jayden Daniels,QB,WAS,144,64,329.6,19.39,17,627.43,4.93,130.98,,,,,318.74,490.03,3446.47,24.22,10.14
Houston’s Best FT,De'Von Achane,RB,MIA,143,13,247.5,14.56,17,1100.03,6.02,233.27,64.43,486.77,3.77,64.43,,,,,
FA,Justin Jefferson,WR,MIN,142,12,261.2,15.36,17,6.71,0.03,1.59,98.14,1233.77,6.59,98.14,,,,,
Team 10,Ashton Jeanty,RB,LV,141,10,241.5,14.21,17,1060.55,7.86,283.78,58.66,412.72,3.34,58.66,,,,,
FA,Derrick Henry,RB,BAL,140,21,247.2,14.54,17,1404.15,13.3,302.15,17.5,167.9,0.81,17.5,,,,,
FA,Patrick Mahomes,QB,KC,140,107,328.9,19.35,17,336.44,3.23,57.79,,,,,356.14,555.33,3852.32,28.52,11.42
My Team Is Bad,Chase Brown,RB,CIN,125,14,236.1,13.89,17,939.78,7.68,235.69,63.96,432.74,3.86,63.96,,,,,
FA,Dak Prescott,QB,DAL,125,85,331.5,19.5,17,170.52,1.76,48.4,,,,,382.57,579.57,4155.28,31.57,11.75
Eli Manning,Rashee Rice,WR,KC,123,27,264.1,15.54,17,31.48,0.85,6.7,95.4,1058.05,9.26,95.4,,,,,
Eli Manning,Saquon Barkley,RB,PHI,119,16,230.4,13.55,17,1200.95,8.19,291.26,39.68,317.54,1.91,39.68,,,,,
My Team Is Bad,A.J. Brown,WR,NE,119,19,246.2,14.48,17,1.31,,0.17,85.43,1153.98,7.59,85.43,,,,,
FA,Matthew Stafford,QB,LAR,118,101,332.2,19.54,17,36.04,0.21,26.22,,,,,349.7,544.25,4071.8,34.39,9.31
Herbert the Chubb Bug,Kenneth Walker,RB,KC,113,18,231.2,13.6,17,1177.79,8.5,260.77,44.44,340.52,1.33,44.44,,,,,
FA,Trevor Lawrence,QB,JAX,112,89,324.8,19.11,17,321.89,5.4,73.31,,,,,332.84,540.75,3821.01,27.57,12.98
Houston’s Best FT,George Pickens,WR,DAL,108,23,243.6,14.33,17,0.82,,0.46,82.64,1130.78,8.06,82.64,,,,,
FA,Chris Olave,WR,NO,106,28,244.8,14.4,17,0.91,,0.55,90.34,1091.75,7.6,90.34,,,,,
Herbert the Chubb Bug,Colston Loveland,TE,CHI,106,42,244.9,14.41,17,1.43,,0.66,79,878.59,6.47,79,,,,,
FA,Justin Herbert,QB,LAC,103,86,318.8,18.75,17,436.17,2.29,78.26,,,,,347.32,527.98,3748.64,26.93,11.14
Houston’s Best FT,Brock Purdy,QB,SF,99,112,319.6,18.8,17,292.34,3.82,68.7,,,,,354.44,532.84,3937.96,29.07,14.29
Eli Manning,Bo Nix,QB,DEN,98,114,318.4,18.73,17,339.43,3.49,78.28,,,,,360.36,560.28,3621.13,27.8,10.97
FA,Jared Goff,QB,DET,95,115,318.3,18.72,17,48.84,0.37,25.59,,,,,369.55,540.88,4162.51,31.85,10.01
2 Leggete 2 Quit,Jeremiyah Love,RB,ARI,93,25,222.7,13.1,17,1038.81,6.81,231.75,54.15,416.34,2.09,54.15,,,,,
Mundini’s Weenies,Jordan Love,QB,GB,91,137,293.5,17.26,17,199.65,0.87,47.94,,,,,329.77,508.02,3722.44,27.54,10.05
Eli Manning,Nico Collins,WR,HOU,88,24,241.1,14.18,17,11.14,0.4,1.86,82.5,1141.38,6.99,82.5,,,,,
FA,C.J. Stroud,QB,HOU,87,172,275.3,16.19,17,235.54,1.17,54.09,,,,,340.47,541.8,3718.92,24.9,11.75
2 Leggete 2 Quit,Omarion Hampton,RB,LAC,84,15,219.8,12.93,17,975.98,9.1,240.96,49.7,334.63,1.92,49.7,,,,,
Houston’s Best FT,Tyler Warren,TE,IND,82,55,238.5,14.03,17,14.63,0.4,5.79,82.17,801.15,5.3,82.17,,,,,
FA,Malik Willis,QB,MIA,80,155,276,16.24,17,628.43,3.9,121.06,,,,,307.65,475.08,3297.28,19.39,11.73
FA,Daniel Jones,QB,IND,79,180,281.3,16.55,17,235.54,3.98,60.25,,,,,327.45,505.44,3637.83,23.36,11.17
My Team Is Bad,Sam Darnold,QB,SEA,79,209,282.1,16.59,17,141.55,0.72,44.15,,,,,331.27,500.78,3845.41,28.12,12.49
Mundini’s Weenies,Malik Nabers,WR,NYG,78,29,235.1,13.83,17,7.9,0.05,3.38,81.38,1056.94,7.91,81.38,,,,,
FA,Baker Mayfield,QB,TB,77,127,295.8,17.4,17,350.57,1.57,58.35,,,,,344.75,535.38,3687.62,26.99,12.76
FA,Bryce Young,QB,CAR,76,188,261.7,15.39,17,268.64,3.22,58.11,,,,,326.91,517.52,3199.45,23.57,12.02
The Dart Knight,Josh Jacobs,RB,GB,74,34,223.7,13.16,17,1053.33,11.53,259.82,34.36,274.14,1.21,34.36,,,,,
Herbert the Chubb Bug,Kyler Murray,QB,MIN,71,128,291.1,17.12,17,461.83,3.51,77.9,,,,,326.59,490.5,3438.21,24.17,13.02
My Team Is Bad,Zay Flowers,WR,BAL,69,35,233.5,13.74,17,57.18,0.52,9.03,81.88,1084.2,6.18,81.88,,,,,
Team To Be Named Later,Tyler Shough,QB,NO,69,139,290.1,17.06,17,320.05,3.83,74.65,,,,,355.9,547.55,3722.84,23.22,11.63
Herbert the Chubb Bug,Cam Ward,QB,TEN,68,184,243.5,14.32,17,179.14,2.15,44.1,,,,,340.77,556.81,3426.78,21.3,10.59
FA,Breece Hall,RB,NYJ,67,32,214.5,12.62,17,1028.21,6.51,251.17,45.63,398.72,2.22,45.63,,,,,
FA,Javonte Williams,RB,DAL,66,31,213.3,12.55,17,1135.17,9.9,254.34,34.02,194.43,1.17,34.02,,,,,
Herbert the Chubb Bug,DeVonta Smith,WR,PHI,65,33,231.2,13.6,17,0.95,,0.17,87.04,1089.92,5.95,87.04,,,,,
FA,Jacoby Brissett,QB,ARI,63,219,242.1,14.24,17,216.12,1.36,46.33,,,,,326.6,509.42,3372.8,20.9,9.83
The Dart Knight,Garrett Wilson,WR,NYJ,62,40,234.2,13.78,17,6.54,0.03,1.66,91.83,1027.18,6.77,91.83,,,,,
FA,Aaron Rodgers,QB,PIT,61,222,236.1,13.89,17,82.93,0.69,25.62,,,,,328.45,507.05,3245.98,22.88,9.57
My Team Is Bad,Tee Higgins,WR,CIN,60,38,218.9,12.88,17,0.99,,0.18,71.23,931.68,9.1,71.23,,,,,
The Dart Knight,Cam Skattebo,RB,NYG,59,41,211.5,12.44,17,976.35,7.56,231.68,44.39,352.4,2.36,44.39,,,,,
Herbert the Chubb Bug,Tetairoa McMillan,WR,CAR,56,37,222.2,13.07,17,1.39,,0.2,79.54,1042.77,6.61,79.54,,,,,
My Team Is Bad,Fernando Mendoza,QB,LV,56,217,184.7,10.86,17,225.97,1.34,50.17,,,,,266.22,428.06,2612.5,16.69,11.32
Mundini’s Weenies,Kyren Williams,RB,LAR,55,30,210.3,12.37,17,1026.42,9.65,238.44,33.13,234.77,2.18,33.13,,,,,
Team To Be Named Later,Emeka Egbuka,WR,TB,53,36,216.7,12.75,17,10.86,0.03,1.97,72.71,1000.62,7.21,72.71,,,,,
Houston’s Best FT,Ladd McConkey,WR,LAC,51,43,215.7,12.69,17,1.92,,0.35,79.52,959.56,6.77,79.52,,,,,
FA,Geno Smith,QB,NYJ,49,454,229.3,13.49,17,201.19,0.94,52.87,,,,,330.88,503.34,3370.25,21.59,14.1
Team 10,Davante Adams,WR,LAR,47,51,212.3,12.49,17,0.24,,,66.83,857.97,9.96,66.83,,,,,
Team To Be Named Later,Harold Fannin Jr.,TE,CLE,45,72,224.4,13.2,17,18.67,0.4,6.87,76.33,748.92,5.38,76.33,,,,,
My Team Is Bad,Bucky Irving,RB,TB,43,50,197.3,11.61,17,989.1,5.8,244.55,39.69,329.07,2.19,39.69,,,,,
2 Leggete 2 Quit,Travis Etienne Jr.,RB,NO,41,39,196.8,11.58,17,916.29,5.82,242.66,42.65,335.73,2.82,42.65,,,,,
My Team Is Bad,Terry McLaurin,WR,WAS,40,54,211.8,12.46,17,1.74,,0.63,70.19,968.73,7.53,70.19,,,,,
My Team Is Bad,Quinshon Judkins,RB,CLE,39,47,193.4,11.38,17,1071.35,7.65,281.79,32.46,225.62,0.53,32.46,,,,,
FA,Kyle Pitts Sr.,TE,ATL,39,78,223.9,13.17,17,,,,76.9,810.42,4.63,76.9,,,,,
My Team Is Bad,Jaylen Waddle,WR,DEN,38,44,209.2,12.31,17,15.7,0.03,2.28,74.78,960.13,6.21,74.78,,,,,
FA,Jameson Williams,WR,DET,37,56,207.8,12.22,17,43.38,0.49,7.45,63.05,984,6.57,63.05,,,,,
FA,Sam LaPorta,TE,DET,37,81,215.1,12.65,17,1.62,,0.64,71.72,736.96,5.69,71.72,,,,,
Badger? Hardly Know Her!,Travis Kelce,TE,KC,36,106,212.9,12.52,17,0.3,,0.15,74.21,729.62,4.85,74.21,,,,,
2 Leggete 2 Quit,Luther Burden III,WR,CHI,35,45,199.8,11.75,17,39.84,0.13,8.45,70.33,931.75,5.37,70.33,,,,,
The Dart Knight,Rome Odunze,WR,CHI,35,62,210,12.35,17,2.96,,0.72,63.37,978.7,8.18,63.37,,,,,
FA,Tucker Kraft,TE,GB,34,70,204.9,12.05,17,6.46,0.07,1.47,62.48,730.96,6.25,62.48,,,,,
FA,George Kittle,TE,SF,33,103,207.9,12.75,16.3,-0.23,,,66.32,740.86,5.82,66.32,,,,,
FA,Mike Evans,WR,SF,32,60,198.5,11.68,17,,,,66.78,885.25,7.22,66.78,,,,,
Houston’s Best FT,DJ Moore,WR,BUF,31,52,197.2,11.6,17,45.11,0.51,9.43,66.42,850.41,6.61,66.42,,,,,
FA,Jake Ferguson,TE,DAL,30,109,200,11.76,17,0.3,,0.15,74.02,575.17,5.7,74.02,,,,,
FA,Tua Tagovailoa,QB,ATL,29,238,161.8,9.52,17,48.5,0.1,19.49,,,,,235.69,357.03,2476.88,15.27,7.79
Herbert the Chubb Bug,Dallas Goedert,TE,PHI,28,123,202.9,11.94,17,2.11,0.29,0.3,63.41,628.35,7.22,63.41,,,,,
Houston’s Best FT,D'Andre Swift,RB,CHI,27,53,191.2,11.25,17,936,7.93,227.7,34.16,293.82,0.93,34.16,,,,,
Team 10,Isaiah Likely,TE,NYG,25,113,196.6,11.56,17,,,,63.05,736.81,5.07,63.05,,,,,
FA,Mark Andrews,TE,BAL,23,126,194.1,11.42,17,35.23,0.51,8.32,58.24,569.45,7.28,58.24,,,,,
FA,Deshaun Watson,QB,CLE,22,411,142,8.35,17,192.5,1.39,41.14,,,,,189.22,296.79,1978.11,12.07,7.69
FA,David Montgomery,RB,HOU,21,46,175.3,10.31,17,902.76,7.6,231.99,30.9,229.99,0.63,30.9,,,,,
FA,Parker Washington,WR,JAX,20,66,191.2,11.25,17,14.87,0.1,7.1,65.03,852.04,6.1,65.03,,,,,
Team To Be Named Later,Dalton Kincaid,TE,BUF,20,118,183,10.76,17,,,,58.54,642.58,5.22,58.54,,,,,
2 Leggete 2 Quit,Bhayshul Tuten,RB,JAX,19,59,177.2,10.42,17,834.17,8.06,220.51,30.24,212.66,2.08,30.24,,,,,
Badger? Hardly Know Her!,Christian Watson,WR,GB,19,61,188.3,11.08,17,10.93,0.04,2.16,57.24,860.67,7.41,57.24,,,,,
Mundini’s Weenies,TreVeyon Henderson,RB,NE,17,49,174,10.24,17,847.71,6.88,186.9,36.06,248.68,1.15,36.06,,,,,
2 Leggete 2 Quit,Marvin Harrison Jr.,WR,ARI,17,71,188.1,11.06,17,,,,65.55,878.92,5.87,65.55,,,,,
Eli Manning,Brenton Strange,TE,JAX,17,152,184.3,10.84,17,,,,61.31,669.19,4.29,61.31,,,,,
FA,Jaylen Warren,RB,PIT,16,67,173.4,10.2,17,820.85,5.15,186.17,41.9,315.27,1.66,41.9,,,,,
My Team Is Bad,Courtland Sutton,WR,DEN,16,75,192.2,11.31,17,,,,66.83,844.9,6.89,66.83,,,,,
Houston’s Best FT,DK Metcalf,WR,PIT,16,76,187.5,11.03,17,5.76,0.39,1.17,62.51,868.2,5.96,62.51,,,,,
Houston’s Best FT,Alec Pierce,WR,IND,16,93,199.5,11.74,17,1.14,,0.18,59.49,986.71,6.97,59.49,,,,,
FA,Hunter Henry,TE,NE,16,159,180.8,10.64,17,,,,56.94,657.93,4.98,56.94,,,,,
Mundini’s Weenies,Carnell Tate,WR,TEN,15,65,175.9,10.35,17,5.57,,1.09,65.39,837.62,4.7,65.39,,,,,
Badger? Hardly Know Her!,Brian Thomas Jr.,WR,JAX,14,68,178.6,10.51,17,21.38,0.34,3.35,59.35,819.88,5.57,59.35,,,,,
FA,Michael Pittman Jr.,WR,PIT,14,96,182.9,10.76,17,1.16,,0.18,77.83,770.4,4.75,77.83,,,,,
FA,Juwan Johnson,TE,NO,14,148,178.7,10.51,17,,,,64.16,656.63,3.16,64.16,,,,,
FA,T.J. Hockenson,TE,MIN,13,163,178.4,10.49,17,,,0.15,65.64,595.79,3.45,65.64,,,,,
Houston’s Best FT,Jadarian Price,RB,SEA,12,63,160.3,9.43,17,843.05,6.95,207.71,23.91,196.69,0.96,23.91,,,,,
Eli Manning,Michael Wilson,WR,ARI,12,84,178.4,10.49,17,1.87,,0.25,67.02,831.12,4.76,67.02,,,,,
FA,Josh Downs,WR,IND,12,97,178.9,10.52,17,6.16,0.03,1.8,76.1,772.58,4.33,76.1,,,,,
FA,Dalton Schultz,TE,HOU,12,183,177.7,10.45,17,,,,64.01,618.96,3.36,64.01,,,,,
FA,Rhamondre Stevenson,RB,NE,11,79,163.6,9.62,17,688.3,6.43,171.18,36.09,310.87,1.82,36.09,,,,,
Houston’s Best FT,Chuba Hubbard,RB,CAR,11,82,159.5,9.38,17,772.74,5.23,188.77,35.78,246.33,1.86,35.78,,,,,
Team 10,Rico Dowdle,RB,PIT,11,83,159.3,9.37,17,809.43,5.45,195.65,33.51,241.06,1.13,33.51,,,,,
Team To Be Named Later,Chris Godwin Jr.,WR,TB,11,88,175.9,10.35,17,2.17,,0.72,66.91,771.76,5.36,66.91,,,,,
FA,Tony Pollard,RB,TEN,10,77,159.8,9.4,17,918.37,5.51,229.96,31.56,201.23,0.46,31.56,,,,,
My Team Is Bad,Jordyn Tyson,WR,NO,10,80,168.5,9.91,17,5.43,,1.27,60.68,837.34,4.24,60.68,,,,,
The Dart Knight,Wan'Dale Robinson,WR,TEN,10,94,170,10,17,9.52,0.05,2.64,76.78,737.06,3.12,76.78,,,,,
FA,Chig Okonkwo,TE,WAS,10,153,158.4,9.32,17,,,,54.65,583.53,3.05,54.65,,,,,
My Team Is Bad,Quentin Johnston,WR,LAC,9,92,167.9,9.88,17,7.58,0.03,1.96,54.17,743.84,6.6,54.17,,,,,
FA,Jakobi Meyers,WR,JAX,9,104,171.2,10.07,17,21.83,0.09,4.68,66.98,735.32,4.9,66.98,,,,,
FA,Jayden Reed,WR,GB,9,110,170.9,10.05,17,79.3,0.15,12.22,61.6,736.26,4.67,61.6,,,,,
Badger? Hardly Know Her!,Stefon Diggs,WR,WAS,9,120,164.6,9.68,17,1.73,,0.5,67.68,734.7,3.98,89.8,,,,,
Team 10,RJ Harvey,RB,DEN,8,74,148.9,8.76,17,469.34,4.36,122.89,45.44,339.79,3.45,45.44,,,,,
Team 10,J.K. Dobbins,RB,DEN,8,90,144.9,8.52,17,837.28,6.26,205.42,21.08,108.96,0.56,21.08,,,,,
FA,Kyle Monangai,RB,CHI,8,91,139.5,8.21,17,731.01,5.42,187.56,23.6,200.91,0.57,23.6,,,,,
FA,Kenny Gainwell,RB,TB,8,102,146.1,8.59,17,495.96,3.9,113.67,51.78,365.26,2.1,51.78,,,,,
FA,Jordan Addison,WR,MIN,8,105,162.7,9.57,17,32.78,0.43,2.89,54.79,715.97,5.16,54.79,,,,,
Mundini’s Weenies,Matthew Golden,WR,GB,8,122,163.5,9.62,17,38.99,0.08,7.74,56.83,770.59,4.33,56.83,,,,,
Houston’s Best FT,Jonathon Brooks,RB,CAR,7,87,138.5,8.15,17,751.68,4.2,174.12,28.23,209.76,0.99,28.23,,,,,
Team 10,Blake Corum,RB,LAR,7,99,127.8,7.52,17,749.65,6.18,169.89,12.77,94.69,0.22,12.77,,,,,
My Team Is Bad,Xavier Worthy,WR,KC,7,124,160.9,9.46,17,88.89,0.76,15.66,53.86,698.53,4.07,53.86,,,,,
FA,Deebo Samuel Sr.,WR,SF,7,135,160.4,9.44,17,103.99,0.94,23.08,56,642.39,4.19,56,,,,,
Team 10,Kenyon Sadiq,TE,NYJ,7,165,153,9,17,3.37,,1.25,52.2,506.85,4.13,52.2,,,,,
FA,AJ Barner,TE,SEA,7,190,155.8,9.16,17,16.84,0.67,9.02,49.08,473.17,4.93,49.08,,,,,
FA,Cade Otton,TE,TB,7,216,154.5,9.09,17,,,,54.63,550.51,2.96,54.63,,,,,
Badger? Hardly Know Her!,Makai Lemon,WR,PHI,6,95,149.8,8.81,17,6.89,,1.55,54.91,695.55,4.43,54.91,,,,,
FA,Rachaad White,RB,WAS,6,100,134.8,7.93,17,592.83,4.65,135.16,35.3,237.86,1.31,35.3,,,,,
FA,Jordan Mason,RB,MIN,6,108,128.3,7.55,17,767.59,6.02,185.75,15.68,78.33,0.28,15.68,,,,,
Houston’s Best FT,Jacory Croskey-Merritt,RB,WAS,6,111,128.5,7.56,17,699.67,7.23,175.27,13.41,93.67,0.38,13.41,,,,,
FA,Aaron Jones Sr.,RB,MIN,6,116,132.8,7.81,17,579.03,3.23,151.91,39.35,288.01,1.54,39.35,,,,,
Houston’s Best FT,Khalil Shakir,WR,BUF,6,131,160.5,9.44,17,7.17,0.04,1.44,69.63,692.53,3.68,69.63,,,,,
FA,Jalen Coker,WR,CAR,6,132,154.7,9.1,17,1.27,,0.2,59.37,709.98,4.28,59.37,,,,,
Badger? Hardly Know Her!,Romeo Doubs,WR,NE,5,119,151.4,8.91,17,,,,54.04,678.58,5,54.04,,,,,
The Dart Knight,KC Concepcion,WR,CLE,5,121,146.4,8.61,17,22.71,0.08,5.07,56.8,672.06,3.22,56.8,,,,,
Badger? Hardly Know Her!,Jayden Higgins,WR,HOU,5,125,148.9,8.76,17,1.34,,0.26,52.72,656.7,5.14,52.72,,,,,
FA,Zach Charbonnet,RB,SEA,5,130,119.6,8.08,14.8,556.82,6.26,134.89,19.01,154.27,0.45,19.01,,,,,
FA,Oronde Gadsden,TE,LAC,5,149,137.2,8.07,17,0.3,,,43.93,539.54,3.08,43.93,,,,,
FA,Greg Dulcich,TE,MIA,5,214,154.9,9.11,17,-1.81,,0.3,52.91,591.28,3.1,52.91,,,,,
FA,Pat Freiermuth,TE,PIT,5,225,158.4,9.32,17,1.21,0.04,0.15,52.64,555.07,4.02,52.64,,,,,
Herbert the Chubb Bug,Woody Marks,RB,HOU,4,133,108.6,6.39,17,548.39,2.68,141.51,22.43,182.5,1.67,22.43,,,,,
FA,Rashid Shaheed,WR,SEA,4,138,137.5,8.09,17,85.53,0.2,12.41,47,616.6,3.47,47,,,,,
The Dart Knight,Denzel Boston,WR,CLE,4,154,128.6,7.56,17,7.37,,1.4,53.03,591.91,2.93,53.03,,,,,
Team To Be Named Later,De'Zhaun Stribling,WR,SF,4,156,138.1,8.12,17,5.09,,1.2,48.01,682.34,3.79,48.01,,,,,
FA,Jalen Nailor,WR,LV,4,160,125.1,7.36,17,10.6,0.03,2.17,42.83,567.72,4.12,42.83,,,,,
Eli Manning,Jauan Jennings,WR,MIN,4,161,126.6,7.45,17,0.36,,,45.91,530.86,4.81,45.91,,,,,
FA,Jalen McMillan,WR,TB,4,166,132.8,7.81,17,25.77,0.08,4.71,45.88,591.77,4.19,45.88,,,,,
FA,Tre Tucker,WR,LV,4,168,135.3,7.96,17,46.21,0.12,9.74,47.96,608.46,3.58,47.96,,,,,
FA,Jerry Jeudy,WR,CLE,4,170,140.2,8.25,17,2.8,,0.61,52.96,715.87,2.76,52.96,,,,,
FA,Mike Gesicki,TE,CIN,4,394,126.8,7.46,17,,,,42.13,441.81,3.31,42.13,,,,,
Team 10,Evan Engram,TE,DEN,4,406,131.2,7.72,17,1.51,,0.15,48.93,439.42,2.33,48.93,,,,,
FA,Darren Waller,TE,CAR,4,459,134,7.88,17,,,,41.71,445.44,4.52,65.25,,,,,
FA,Calvin Ridley,WR,TEN,3,208,128,7.53,17,24.31,0.41,3.69,41.22,656.43,2.77,41.22,,,,,
Houston’s Best FT,Brandon Aubrey,K,DAL,1,117,146.1,8.59,17,,,,,,,,,,,,
The Dart Knight,Tyrone Tracy Jr.,RB,NYG,1,129,106,6.24,17,532.54,2.57,126.19,25.02,193.21,1.16,25.02,,,,,
FA,Chris Rodriguez Jr.,RB,JAX,1,134,96.5,5.68,17,572.72,5.34,137.8,6.46,41.82,0.18,6.46,,,,,
FA,Tyler Allgeier,RB,ARI,1,136,84.8,4.99,17,419.16,3.96,108.82,16.42,111.78,0.17,16.42,,,,,
FA,Los Angeles Rams,DST,LAR,1,140,116.4,6.8,,,,,,,,,,,,,
FA,Ka'imi Fairbairn,K,HOU,1,141,138.3,8.14,17,,,,,,,,,,,,
FA,Seattle Seahawks,DST,SEA,1,142,140.2,8.2,,,,,,,,,,,,,
FA,Tyjae Spears,RB,TEN,1,143,113,6.65,17,379.5,2.96,93.92,44.97,297.58,1.08,44.97,,,,,
FA,Alvin Kamara,RB,NO,1,144,103.9,6.11,17,480.04,2.39,125.21,31.63,217.44,0.99,31.63,,,,,
FA,Cameron Dicker,K,LAC,1,145,131.7,7.75,17,,,,,,,,,,,,
Eli Manning,Keaton Mitchell,RB,LAC,1,146,75.7,4.45,17,412.09,2.18,89.03,15.68,120.01,0.49,15.68,,,,,
FA,Jason Myers,K,SEA,1,147,144.2,8.48,17,,,,,,,,,,,,
Badger? Hardly Know Her!,Isiah Pacheco,RB,DET,1,150,100.7,5.92,17,579.08,3.22,138.56,18.84,121.73,0.55,18.84,,,,,
FA,Cam Little,K,JAX,1,151,123.7,7.28,17,,,,,,,,,,,,
Mundini’s Weenies,Jonah Coleman,RB,DEN,1,157,41.9,2.46,17,184.19,1.37,43.69,11.41,76.4,0.45,11.41,,,,,
FA,Brian Robinson,RB,ATL,1,158,82.4,4.85,17,514.39,3.7,120.32,8.41,51.74,0.13,8.41,,,,,
FA,Tank Bigsby,RB,PHI,1,162,74.7,4.39,17,472.09,3.78,98.93,5,34.07,0.07,5,,,,,
The Dart Knight,Dylan Sampson,RB,CLE,1,164,84.9,4.99,17,265.84,1.32,75.19,32.39,254.94,1.85,32.39,,,,,
Eli Manning,Omar Cooper Jr.,WR,NYJ,1,167,95.5,5.62,17,11.68,0.04,2.16,35.72,424.43,2.83,35.72,,,,,
Team 10,Jake Bates,K,DET,1,169,127.8,7.52,17,,,,,,,,,,,,
FA,Minnesota Vikings,DST,MIN,1,171,111.2,6.5,,,,,,,,,,,,,
FA,Tyler Loop,K,BAL,1,173,122.8,7.22,17,,,,,,,,,,,,
FA,Harrison Mevis,K,LAR,1,174,131.2,7.72,17,,,,,,,,,,,,
FA,Jacksonville Jaguars,DST,JAX,1,175,113.6,6.7,,,,,,,,,,,,,
The Dart Knight,Tank Dell,WR,HOU,1,176,117.1,6.89,17,44.25,0.08,7.92,39.92,547.33,2.98,39.92,,,,,
FA,Malik Washington,WR,MIA,1,177,111.5,6.56,17,76.62,0.63,14.26,44.63,418.62,2.51,44.63,,,,,
FA,Los Angeles Chargers,DST,LAC,1,178,104,6.1,,,,,,,,,,,,,
FA,Eddy Piñeiro,K,SF,1,179,117.4,6.91,17,,,,,,,,,,,,
FA,Pittsburgh Steelers,DST,PIT,1,181,109.4,6.4,,,,,,,,,,,,,
Mundini’s Weenies,Tre' Harris,WR,LAC,1,182,96.1,5.65,17,2.02,,0.39,36.65,440.55,2.62,36.65,,,,,
Mundini’s Weenies,Braelon Allen,RB,NYJ,1,185,70.2,4.13,17,347.94,3.22,87.03,12.24,89.74,0.5,12.24,,,,,
Team 10,Mike Washington Jr.,RB,LV,1,186,69.8,4.11,17,353.21,2.16,92.22,14.49,126.24,0.59,14.49,,,,,
Team To Be Named Later,MarShawn Lloyd,RB,GB,1,187,66.4,3.91,17,340.53,2.25,80.63,12.99,101.21,0.47,12.99,,,,,
The Dart Knight,Terrance Ferguson,TE,LAR,1,189,130.4,7.67,17,,,0.15,36.27,497.69,4.43,36.27,,,,,
FA,Ryan Flournoy,WR,DAL,1,191,99.9,5.88,17,13.58,0.07,2.29,37.31,429.85,3.08,37.31,,,,,
FA,Isaac TeSlaa,WR,DET,1,192,88,5.18,17,2.21,,0.45,26.32,364.42,4.21,26.32,,,,,
FA,Kayshon Boutte,WR,NE,1,193,106.8,6.28,17,-0.08,,,32.95,497.56,4.05,32.95,,,,,
Herbert the Chubb Bug,Zachariah Branch,WR,ATL,1,194,80,4.71,17,,,,31.43,380.08,1.83,31.43,,,,,
Houston’s Best FT,Adonai Mitchell,WR,NYJ,1,195,108.2,6.36,17,5.47,0.04,1.73,38.05,517.78,3.13,38.05,,,,,
Badger? Hardly Know Her!,Travis Hunter,"WR,CB",JAX,1,196,107.3,6.31,17,11.19,0.05,2.36,40.64,488.4,2.84,40.64,,,,,
FA,New England Patriots,DST,NE,1,197,121.4,7.1,,,,,,,,,,,,,
Badger? Hardly Know Her!,Jaydon Blue,RB,DAL,1,198,45.5,2.68,17,240.41,1.76,59.24,8.14,57.06,0.26,8.14,,,,,
FA,Kimani Vidal,RB,LAC,1,199,53.2,3.13,17,239.32,1.73,61.1,12.02,101.44,0.48,12.02,,,,,
FA,Andy Borregales,K,NE,1,200,110.9,6.52,17,,,,,,,,,,,,
FA,James Conner,RB,ARI,1,201,61,3.59,17,212.24,1.94,49.64,17.82,127.69,1.16,17.82,,,,,
Mundini’s Weenies,Emmett Johnson,RB,KC,1,202,40.4,2.38,17,204.58,1.36,50.45,8.58,59.17,0.37,8.58,,,,,
FA,Ray Davis,RB,BUF,1,203,36.2,2.13,17,137.77,1.43,32.3,9.52,61.76,0.56,9.52,,,,,
My Team Is Bad,Baltimore Ravens,DST,BAL,1,204,99.5,5.9,,,,,,,,,,,,,
FA,Harrison Butker,K,KC,1,205,118.8,6.99,17,,,,,,,,,,,,
FA,Detroit Lions,DST,DET,1,206,109.6,6.4,,,,,,,,,,,,,
FA,Philadelphia Eagles,DST,PHI,1,207,114.1,6.7,,,,,,,,,,,,,
FA,Evan McPherson,K,CIN,1,210,113.5,6.68,17,,,,,,,,,,,,
The Dart Knight,Nicholas Singleton,RB,TEN,1,211,19.3,1.14,17,85.44,0.72,20.9,4.96,28.54,0.28,4.96,,,,,
FA,David Njoku,TE,LAC,1,212,115.1,6.77,17,,,,36.81,362.37,3.98,36.81,,,,,
FA,Will Reichard,K,MIN,1,213,123,7.24,17,,,,,,,,,,,,
Team 10,Cooper Kupp,WR,SEA,1,215,116.8,6.87,17,2.2,,0.52,44.3,540.54,3.24,44.3,,,,,
FA,Cairo Santos,K,CHI,1,218,124.5,7.32,17,,,,,,,,,,,,
FA,Chris Boswell,K,PIT,1,220,108.3,6.37,17,,,,,,,,,,,,
FA,Sean Tucker,RB,TB,1,221,37.6,2.21,17,183.64,2.81,44.04,3.31,10.52,0.05,3.31,,,,,
FA,Cyrus Allen,WR,KC,1,223,39.2,2.31,17,0.99,,0.1,14.85,184.86,1.03,14.85,,,,,
FA,Dallas Cowboys,DST,DAL,1,224,88.8,5.2,,,,,,,,,,,,,
FA,Darnell Mooney,WR,NYG,1,226,67.3,3.96,17,7.66,0.04,1.54,23.6,332.99,1.63,23.6,,,,,
FA,Gunnar Helm,TE,TEN,1,227,140.9,8.29,17,0.3,,,50.86,460.84,3.15,50.86,,,,,
Team To Be Named Later,Kaytron Allen,RB,WAS,1,228,22.9,1.35,17,131.02,0.82,30.34,4.28,26.43,0.08,4.28,,,,,
FA,San Francisco 49ers,DST,SF,1,229,79,4.6,,,,,,,,,,,,,
FA,Chase McLaughlin,K,TB,1,230,123.6,7.27,17,,,,,,,,,,,,
FA,Brandon Aiyuk,WR,SF,1,231,57.8,3.4,17,6.2,,1.04,21.19,271.14,1.49,21.19,,,,,
FA,Emanuel Wilson,RB,SEA,1,232,47.9,2.82,17,291.11,1.71,66.85,8.54,48,0.04,8.54,,,,,
Houston’s Best FT,Troy Franklin,WR,DEN,1,233,94.5,5.56,17,11.93,0.03,2.98,35.37,394.12,3.24,35.37,,,,,
Badger? Hardly Know Her!,Malachi Fields,WR,NYG,1,234,60.5,3.56,17,1.33,,0.28,22.67,275.33,1.76,22.67,,,,,
FA,Rashod Bateman,WR,BAL,1,235,121.3,7.14,17,0.14,,0.04,35.73,536.14,5.37,35.73,,,,,
Badger? Hardly Know Her!,Jaylen Wright,RB,MIA,1,236,47.9,2.82,17,295.47,1.76,74.5,7.57,53.84,0.11,7.57,,,,,
FA,Indianapolis Colts,DST,IND,1,237,89.2,5.2,,,,,,,,,,,,,
FA,Demond Claiborne,RB,MIN,1,239,15.2,0.89,17,59.3,0.53,14.17,5.67,32.75,0.13,5.67,,,,,
The Dart Knight,Ja'Kobi Lane,WR,BAL,1,240,107.5,6.32,17,6.35,,1.18,34.07,497.87,4,34.07,,,,,
FA,Colby Parkinson,TE,LAR,1,241,111.5,6.56,17,,,,34.34,346.89,4.37,34.34,,,,,
Houston’s Best FT,Germie Bernard,WR,PIT,1,242,102.7,6.04,17,9.73,0.03,1.95,39.23,480.15,2.56,39.23,,,,,
FA,Green Bay Packers,DST,GB,1,244,89.6,5.3,,,,,,,,,,,,,
Team To Be Named Later,Christian Kirk,WR,SF,1,245,75.7,4.45,17,1.3,,0.24,28.96,334.17,2.23,28.96,,,,,
Herbert the Chubb Bug,Michael Penix Jr.,QB,ATL,1,246,110.2,6.48,17,60.45,0.66,15.13,,,,,138.55,219.56,1573.85,9.6,4.44
Mundini’s Weenies,Shedeur Sanders,QB,CLE,1,247,102.6,6.04,17,126.8,0.9,22.85,,,,,140.83,230.08,1450.26,8.84,6.03
FA,Jake Tonges,TE,SF,1,248,57.5,3.38,17,,,,17.11,203.77,1.96,17.11,,,,,
FA,Jake Elliott,K,PHI,1,249,109,6.41,17,,,,,,,,,,,,
FA,Kansas City Chiefs,DST,KC,1,250,87.9,5.2,,,,,,,,,,,,,
Eli Manning,Pat Bryant,WR,DEN,1,251,78.5,4.62,17,2.21,,0.51,30.43,356.43,2.1,30.43,,,,,
Team 10,Buffalo Bills,DST,BUF,1,252,107.3,6.3,,,,,,,,,,,,,
FA,Chicago Bears,DST,CHI,1,253,96.1,5.7,,,,,,,,,,,,,
FA,Tampa Bay Buccaneers,DST,TB,1,254,91.7,5.4,,,,,,,,,,,,,
FA,Wil Lutz,K,DEN,1,255,121.7,7.16,17,,,,,,,,,,,,
Houston’s Best FT,Ted Hurst III,WR,TB,1,256,79.2,4.66,17,6.93,,1.17,27.89,378.14,2.29,27.89,,,,,
FA,Atlanta Falcons,DST,ATL,1,258,96.5,5.7,,,,,,,,,,,,,
FA,New York Giants,DST,NYG,1,259,95.6,5.6,,,,,,,,,,,,,
2 Leggete 2 Quit,Eli Stowers,TE,PHI,1,260,57.8,3.4,17,11.71,0.08,3.34,18.74,202.61,1.44,18.74,,,,,
FA,Tyler Bass,K,BUF,1,261,106.8,6.28,17,,,,,,,,,,,,
Mundini’s Weenies,Keon Coleman,WR,BUF,1,262,69,4.06,17,1.11,,0.2,22.51,316.36,2.56,22.51,,,,,
Badger? Hardly Know Her!,Jaylin Noel,WR,HOU,1,263,74.9,4.41,17,20.37,0.09,4.53,27.86,315.9,1.79,27.86,,,,,
Mundini’s Weenies,Mason Taylor,TE,NYJ,1,264,116.6,6.86,17,,,,43.22,378.39,2.36,43.22,,,,,
FA,Matt Gay,K,LV,1,265,90.5,5.32,17,,,,,,,,,,,,
Team 10,Jack Bech,WR,LV,1,266,68.1,4.01,17,2.13,,0.28,28.45,326.56,1.2,28.45,,,,,
FA,Cleveland Browns,DST,CLE,1,267,97.5,5.7,,,,,,,,,,,,,
My Team Is Bad,Chris Bell,WR,MIA,1,268,60.5,5.04,12,0.8,,0.2,21.9,311,1.31,21.9,,,,,
Herbert the Chubb Bug,Tory Horton,WR,SEA,1,269,88.5,5.21,17,5,,1.03,28.92,385.38,3.57,28.92,,,,,
FA,J.J. McCarthy,QB,MIN,1,270,27.9,1.64,17,26.25,0.56,6.64,,,,,32.19,47.96,328.38,2.77,1.74
My Team Is Bad,Kaleb Johnson,RB,PIT,1,271,6.3,0.37,17,35.83,0.34,8.57,1.51,,0.01,1.51,,,,,
FA,Marvin Mims Jr.,WR,DEN,1,272,72.2,4.25,17,44.24,0.35,8.14,25.69,291.49,1.49,25.69,,,,,
Herbert the Chubb Bug,Kyle Williams,WR,NE,1,273,25.5,1.5,17,19.43,0.12,3.1,7.65,99.69,0.9,7.65,,,,,
FA,Theo Johnson,TE,NYG,1,274,93.3,5.49,17,,,,29.43,325.1,2.8,29.43,,,,,
Mundini’s Weenies,Elic Ayomanor,WR,TEN,1,275,73.8,4.34,17,,,,24.88,319.84,2.85,24.88,,,,,
FA,Carolina Panthers,DST,CAR,1,276,85.5,5,,,,,,,,,,,,,
Team 10,Antonio Williams,WR,WAS,1,277,95.6,5.62,17,16.18,0.07,3.04,33.56,456.22,2.61,33.56,,,,,
FA,Nick Folk,K,ATL,1,278,124.1,7.3,17,,,,,,,,,,,,
FA,Chimere Dike,WR,TEN,1,279,81.9,4.82,17,27.34,0.21,8.97,29.8,291.48,2.9,29.8,,,,,
FA,Trey Smack,K,GB,1,280,105.7,6.22,17,,,,,,,,,,,,
FA,Brashard Smith,RB,KC,1,281,28.1,1.65,17,91.6,0.5,24.76,10.68,78.03,0.48,10.68,,,,,
Team To Be Named Later,Ty Simpson,QB,LAR,1,282,22,1.29,17,16.68,0.02,3.96,,,,,23.75,33.57,274.33,2.27,1.03
FA,Tennessee Titans,DST,TEN,1,283,99,5.8,,,,,,,,,,,,,
Eli Manning,Elijah Sarratt,WR,BAL,1,284,37.1,2.18,17,1.09,,0.25,12.04,174.37,1.29,12.04,,,,,
FA,Riley Patterson,K,MIA,1,285,101.1,5.95,17,,,,,,,,,,,,
FA,Devaughn Vele,WR,NO,1,286,95.2,5.6,17,1.37,,0.17,36.37,428.43,2.72,36.37,,,,,
FA,Las Vegas Raiders,DST,LV,1,287,81.8,4.8,,,,,,,,,,,,,
FA,Houston Texans,DST,HOU,1,288,124.3,7.3,,,,,,,,,,,,,
FA,Dontayvion Wicks,WR,PHI,1,289,95.5,5.62,17,1.91,,0.31,36.96,445.24,2.4,36.96,,,,,
FA,Charlie Smyth,K,NO,1,290,107.9,6.35,17,,,,,,,,,,,,
FA,Jake Moody,K,,1,291,96.1,5.65,17,,,,,,,,,,,,
FA,Kyle Allen,QB,BUF,1,292,14.7,0.86,17,4.65,0.01,1.92,,,1,,11.55,19.49,137.25,0.85,0.53
FA,Arizona Cardinals,DST,ARI,1,293,82.4,4.8,,,,,,,,,,,,,
FA,New York Jets,DST,NYJ,1,294,95.2,5.6,,,,,,,,,,,,,
FA,Andre Szmyt,K,CLE,1,295,88.6,5.21,17,,,,,,,,,,,,
FA,Ryan Fitzgerald,K,CAR,1,296,93.4,5.49,17,,,,,,,,,,,,
FA,Joey Slye,K,TEN,1,297,103,6.06,17,,,,,,,,,,,,
FA,Ben Sauls,K,NYG,1,298,46.5,2.74,17,,,,,,,,,,,,
FA,Miami Dolphins,DST,MIA,1,300,88.3,5.2,,,,,,,,,,,,,
FA,Spencer Shrader,K,IND,1,301,8.5,0.5,17,,,,,,,,,,,,
FA,Chase Roberts,WR,LV,1,303,6.6,0.39,17,,,,3,36,,3,,,,,
FA,Denver Broncos,DST,DEN,1,304,122.4,7.2,,,,,,,,,,,,,
FA,Tyrell Shavers,WR,BUF,1,305,16.1,1.15,14,1.12,,0.21,6.43,64.52,0.53,6.43,,,,,
FA,Xavier Restrepo,WR,TEN,1,309,4.8,0.28,17,6,,1,2,22,,2,,,,,
FA,Tyrod Taylor,QB,GB,1,310,13.5,0.79,17,14.78,0.05,3.07,,,,,17.26,24.72,181.63,1.49,1.05
FA,Jalen Tolbert,WR,MIA,1,312,86.7,5.1,17,0.96,0.14,0.29,34.33,417.62,1.72,34.33,,,,,
FA,Justice Hill,RB,BAL,1,314,85.4,5.02,17,240.93,1.91,50.03,30.39,255.36,1.6,30.39,,,,,
FA,Luke Musgrave,TE,GB,1,315,56.3,3.31,17,,,,20.33,201.02,0.96,20.33,,,,,
FA,Darnell Washington,TE,PIT,1,316,90.5,5.32,17,1.51,,0.15,31.18,326.07,1.99,31.18,,,,,
FA,Jonathan Mingo,WR,DAL,1,318,8,0.47,17,,,,3.07,38.75,0.19,3.07,,,,,
FA,Max Klare,TE,LAR,1,319,23.4,1.38,17,,,,7.13,81.86,0.77,7.13,,,,,
FA,Michael Mayer,TE,LV,1,320,103.4,6.08,17,,,,38.4,358.49,1.7,38.4,,,,,
FA,Washington Commanders,DST,WAS,1,322,92.9,5.5,,,,,,,,,,,,,
FA,David Sills V,WR,TB,1,324,17,1,17,2.07,,0.35,6.42,52.44,0.87,6.42,,,,,
FA,Malik Davis,RB,DAL,1,325,47.9,2.82,17,277.8,2.32,60.39,6.42,40.36,0.02,6.42,,,,,
FA,Robert Tonyan,TE,PIT,1,326,2.6,0.15,17,6.95,,0.64,0.85,7.47,,0.85,,,,,
FA,John Metchie III,WR,CAR,1,327,42.4,2.49,17,4.48,,2.01,19.67,182.35,0.7,19.67,,,,,
FA,Justin Watson,WR,HOU,1,328,8.9,0.52,17,-0.39,,0.23,3.04,39.3,0.34,3.04,,,,,
FA,DeMario Douglas,WR,NE,1,329,62.7,3.69,17,19.88,0.1,3.85,22.39,278.49,1.73,22.39,,,,,
FA,Michael Trigg,TE,DAL,1,330,40.8,2.4,17,,,,14,138,1,14,,,,,
FA,Kendre Miller,RB,NO,1,333,7.9,0.46,17,60.78,0.2,13.15,1.51,,,1.51,,,,,
FA,Andy Dalton,QB,PHI,1,334,12.7,0.75,17,19.65,,5.39,,,,,14.8,20.24,149.72,1.18,0.24
My Team Is Bad,Devin Neal,RB,NO,1,335,25.4,1.49,17,117.4,1.19,32.94,5.34,42.4,0.01,5.34,,,,,
FA,Bo Melton,WR,GB,1,336,12.6,0.74,17,26.3,0.09,4.1,4.5,40.8,0.19,4.5,,,,,
FA,Daniel Bellinger,TE,TEN,1,337,59.3,3.49,17,,,,19.41,214.25,1.48,19.41,,,,,
FA,Skyy Moore,WR,GB,1,338,1.1,0.06,17,2.55,,0.56,0.4,5.9,,0.67,,,,,
FA,Tyquan Thornton,WR,KC,1,339,87.9,5.17,17,0.48,,0.09,24.96,435.05,3.27,24.96,,,,,
FA,Joshua Palmer,WR,BUF,1,340,65.5,3.85,17,,,,24.87,324.96,1.39,24.87,,,,,
FA,Jarquez Hunter,RB,LAR,1,342,18,18,,120.82,0.68,26.56,1.32,13.68,,,,,,,
FA,Ty Johnson,RB,BUF,1,343,76.4,4.49,17,204.85,1.9,48.32,22.3,224.28,1.89,22.3,,,,,
FA,Trey Lance,QB,LAC,1,344,10.1,0.59,17,12.73,0.02,5.07,,,,,14.54,21,150.82,1,0.79
FA,Austin Hooper,TE,ATL,1,345,60.9,3.58,17,0.3,,,20.87,215.86,1.36,20.87,,,,,
FA,Jahan Dotson,WR,ATL,1,346,77.6,4.56,17,0.76,,0.42,29.75,369.82,1.88,29.75,,,,,
FA,Justin Fields,QB,KC,1,347,14.3,0.84,17,21.14,0.21,4.13,,,,,18.73,25.37,165.09,1.46,0.95
FA,Treylon Burks,WR,WAS,1,348,38.9,2.29,17,0.99,,0.62,13.53,189.51,1.1,13.53,,,,,
FA,Devin Singletary,RB,NYG,1,349,20.4,1.2,17,89.15,1.02,22.26,4.86,27.6,0.06,4.86,,,,,
FA,Xavier Smith,WR,LAR,1,350,11.8,0.69,17,0.84,,0.68,5.1,44.41,0.39,5.1,,,,,
FA,Mac Jones,QB,SF,1,351,15,0.88,17,10.71,0.12,4,,,,,16.77,22.81,157.47,1.86,0.89
FA,Tom Kennedy,WR,DET,1,352,1.5,0.09,17,,,,0.83,7.08,,0.83,,,,,
FA,KaVontae Turpin,WR,DAL,1,354,65.6,3.86,17,95.19,0.45,16.58,19.25,250.42,1.67,19.25,,,,,
FA,Cedrick Wilson Jr.,WR,DET,1,355,3.4,0.2,17,,,,1.88,15.86,,1.88,,,,,
FA,Tutu Atwell,WR,MIA,1,356,55.1,3.24,17,11.08,0.04,2.04,21.32,292.95,0.58,21.32,,,,,
FA,Noah Gray,TE,KC,1,358,66.6,3.92,17,-0.4,,0.15,23.19,226.54,1.55,23.19,,,,,
FA,Max Bredeson,TE,MIN,1,361,9.8,0.58,17,6.88,0.05,1.84,3.71,27.2,0.12,3.71,,,,,
FA,Marquez Valdes-Scantling,WR,DAL,1,362,14.3,0.84,17,3.19,,0.87,6.19,52.03,0.44,6.19,,,,,
FA,Jalin Hyatt,WR,NYG,1,363,5.7,0.34,17,,,,3.37,23.14,,5.66,,,,,
FA,Tyler Huntley,QB,BAL,1,364,11.9,0.7,17,17.9,0.03,4.84,,,,,14.68,19.43,146.03,1.05,0.49
FA,Cole Kmet,TE,CHI,1,366,80.4,4.73,17,0.3,,0.15,26.58,273.5,2.23,26.58,,,,,
FA,Tai Felton,WR,MIN,1,369,11.5,0.68,17,1.11,,0.21,5.7,37.06,0.34,5.7,,,,,
FA,Samaje Perine,RB,CIN,1,370,77.2,4.54,17,389.88,3.15,88.36,17.13,125.83,0.32,17.13,,,,,
FA,Audric Estimé,RB,NO,1,371,20.6,1.21,17,113.57,0.9,27.97,3.08,22.21,0.02,3.08,,,,,
FA,Tyler Johnson,WR,DAL,1,372,6.5,0.38,17,,,,3,35,,3,,,,,
FA,Alec Ingold,RB,LAC,1,375,10.9,0.64,17,7.87,0.07,1.87,6.8,54.33,0.18,6.8,,,,,
FA,Riley Nowakowski,TE,PIT,1,376,16.5,0.97,17,3.32,0.26,0.59,7.06,36.58,0.16,7.06,,,,,
FA,Brock Wright,TE,DET,1,378,50.4,2.96,17,,,,15.26,150.18,2.08,15.26,,,,,
FA,Aaron Anderson,WR,,1,380,30.2,1.78,17,,,,11,132,1,11,,,,,
FA,Jake Browning,QB,TB,1,381,10.8,0.64,17,11.88,0.04,3.44,,,,,16.77,20.91,159.19,1.27,1.11
FA,Hollywood Brown,WR,PHI,1,384,72,4.24,17,,,,25.55,314.8,2.53,25.55,,,,,
FA,Ben Skowronek,WR,PIT,1,385,4.3,0.25,17,0.95,,0.16,2.45,16.92,0.05,2.45,,,,,
FA,Connor Heyward,TE,LV,1,386,32.2,1.89,17,16.56,0.36,4.98,9.59,71.02,1.17,9.59,,,,,
FA,Darius Slayton,WR,NYG,1,388,98.9,5.82,17,6.91,0.03,1.25,35.64,507.06,2.15,35.64,,,,,
FA,Bub Means,WR,NO,1,389,97.4,5.73,17,4.49,,0.79,33.05,518,2.28,33.05,,,,,
FA,Olamide Zaccheaus,WR,ATL,1,390,67.1,3.95,17,10.01,,1.64,28.62,274.64,1.7,28.62,,,,,
FA,Xavier Weaver,WR,ARI,1,391,15.5,0.91,17,2.4,,0.69,7.56,72.54,0.09,7.56,,,,,
FA,Nick Westbrook-Ikhine,WR,IND,1,392,46.2,2.72,17,0.3,,,15.79,223.25,1.39,15.79,,,,,
FA,Noah Thomas,WR,CIN,1,393,6.6,0.39,17,,,,3,36,,3,,,,,
FA,Braxton Berrios,WR,NYG,1,397,0,0,17,,,,,,,,,,,,
FA,Dawson Knox,TE,BUF,1,399,95.7,5.63,17,,,,29.59,340.09,2.91,29.59,,,,,
FA,Kaelon Black,RB,SF,1,400,55.1,3.24,17,292.85,2.34,73.4,7.95,67.02,0.39,7.95,,,,,
FA,Elijah Moore,WR,PHI,1,402,7.7,0.45,17,5.97,,0.65,3.27,39,,3.32,,,,,
FA,Josh Whyle,TE,GB,1,403,13.7,0.81,17,,,,4.83,32.75,0.54,4.83,,,,,
FA,Trebor Pena,WR,JAX,1,405,6.6,0.39,17,,,,3,36,,3,,,,,
2 Leggete 2 Quit,Trey Benson,RB,ARI,1,408,21,1.24,17,115.01,0.39,29.14,5.93,26.27,0.39,5.93,,,,,
FA,Adam Trautman,TE,DEN,1,410,54.2,3.19,17,0.02,,,17.84,191.56,1.4,17.84,,,,,
FA,Scotty Miller,WR,CHI,1,412,6.3,0.37,17,,,,4,23.8,,4,,,,,
FA,Tim Jones,WR,JAX,1,415,0.4,0.4,,,,,,4,,,,,,,
FA,Foster Moreau,TE,HOU,1,417,29.9,1.76,17,0.6,,0.45,9.38,105.69,0.9,9.38,,,,,
FA,Kenny McIntosh,RB,,1,419,4.2,0.25,17,16,,4,2,16,,2,,,,,
FA,Noah Brown,WR,LV,1,422,21.8,21.8,,,,,7,88,1,,,,,,
FA,Jordan James,RB,SF,1,424,71,4.18,17,334.07,2.65,79.84,14.47,123.12,0.58,14.47,,,,,
FA,Trent Sherfield,WR,BUF,1,426,3.9,0.23,17,,,,2,19,,2,,,,,
FA,Harrison Bryant,TE,,1,427,5,5,,,,,2,20,,,,,,,
FA,Chris Manhertz,TE,NYG,1,429,5.7,0.34,17,,,,2.35,15.55,0.12,2.35,,,,,
FA,Caleb Douglas,WR,MIA,1,430,96.7,5.69,17,4.13,,0.77,37.42,480.63,1.98,37.42,,,,,
FA,George Holani,RB,SEA,1,431,29.3,1.72,17,141.73,1.24,35.3,5.81,45.82,0.12,5.81,,,,,
FA,Zavier Scott,RB,MIN,1,435,12.1,0.71,17,49.51,0.02,13.4,5.92,30.16,0.27,5.92,,,,,
FA,Mack Hollins,WR,NE,1,437,32.6,1.92,17,1.9,,0.41,13.16,126.54,1.15,13.16,,,,,
FA,Calvin Austin III,WR,NYG,1,439,51.6,3.04,17,0.45,,0.38,18.1,230.99,1.76,18.1,,,,,
FA,Tommy Tremble,TE,CAR,1,441,58.5,3.44,17,,,,19.85,183.58,1.75,19.85,,,,,
FA,Kendrick Bourne,WR,ARI,1,445,56,3.29,17,0.45,0.01,0.1,24.06,268.96,0.9,24.06,,,,,
FA,Joshua Dobbs,QB,DET,1,446,10.4,0.61,17,7.91,0.04,3.13,,,,,13.86,20.65,155.51,0.83,0.39
FA,Julian Hill,TE,NE,1,448,7.1,7.1,,,,,3,26,,,,,,,
FA,Ricky White III,WR,SEA,1,449,4.2,0.25,17,,,,2,22,,2,,,,,
FA,Jeremy Ruckert,TE,NYJ,1,450,48.4,2.85,17,,,,18.94,141.4,0.98,18.94,,,,,
FA,Luke Farrell,TE,SF,1,451,16,0.94,17,,,,5.81,46.26,0.5,5.81,,,,,
FA,Eric Saubert,TE,SEA,1,453,10.2,0.6,17,,,,3.84,33.89,0.2,3.84,,,,,
FA,Josh Cuevas,TE,BAL,1,456,17.8,1.05,17,,,,5.72,58.14,0.58,5.72,,,,,
FA,Tyler Higbee,TE,LAR,1,457,79.7,4.69,17,,,,23.85,312.35,2.13,23.85,,,,,
FA,Dyami Brown,WR,WAS,1,458,42.1,2.48,17,2.09,,0.43,14.91,208.44,1.07,14.91,,,,,
FA,Kylen Granson,TE,TEN,1,460,11,0.65,17,,,,4.83,38.47,,4.83,,,,,
FA,Drew Lock,QB,SEA,1,462,7.9,0.46,17,8.79,0.02,4.4,,,,,12.4,17.95,138.96,0.78,0.75
FA,Cody White,WR,SEA,1,463,7,0.41,17,,,,2.68,37.68,0.11,2.68,,,,,
FA,Isaiah Hodgins,WR,NYG,1,464,9.9,0.58,17,,,,4.25,51.67,0.09,4.25,,,,,
FA,Devin Duvernay,WR,ARI,1,465,-0.2,-0.01,17,1.67,,0.29,0.11,1.1,,0.44,,,,,
FA,Jack Stoll,TE,CLE,1,466,14.4,0.85,17,,,,5.64,31.4,0.48,5.64,,,,,
FA,Jameis Winston,QB,NYG,1,467,14.6,0.86,17,12.11,0.14,3.79,,,,,17.32,28.13,182.21,1.88,1.23
FA,Davis Allen,TE,LAR,1,468,41.9,2.46,17,,,,13.65,127.04,1.46,15.1,,,,,
FA,Joe Flacco,QB,CIN,1,470,14.2,0.84,17,8.27,0.02,3.12,,,,,17.38,24.43,181.12,1.87,1.1
FA,Marcus Mariota,QB,WAS,1,472,19.1,1.12,17,8.04,0.13,2.53,,,,,21.32,33.52,245.62,2.08,1.1
FA,Jared Wiley,TE,KC,1,473,13.9,0.82,17,,,,5.61,34.53,0.34,6.17,,,,,
FA,Greg Dortch,WR,DET,1,474,17.4,1.02,17,20.57,0.36,3.93,6.61,39.7,0.53,6.61,,,,,
FA,Tanner McKee,QB,PHI,1,475,10.3,0.61,17,8.85,0.01,2.9,,,,,12.49,19.47,145.16,0.84,0.34
FA,Dareke Young,WR,LV,1,477,2.6,0.15,17,,,,1.09,13.09,0.04,1.68,,,,,
FA,Jaren Kanak,TE,TEN,1,478,32.5,1.91,17,,,,11.03,105.83,0.91,11.03,,,,,
FA,John Michael Gyllenborg,TE,KC,1,479,39.2,2.31,17,,,,11,114,1,11,,,,,
FA,Chad Ryland,K,ARI,1,483,102.9,6.05,17,,,,,,,,,,,,
FA,Ashton Dulin,WR,IND,1,484,72.2,4.25,17,25.25,0.07,4,25.52,366.95,1.22,25.52,,,,,
FA,Charlie Woerner,TE,ATL,1,485,27.7,1.63,17,,,,9.69,107.98,0.41,9.69,,,,,
FA,Charlie Kolar,TE,LAC,1,487,58.2,3.42,17,1.87,,0.86,18.66,192.29,1.83,18.66,,,,,
FA,Teddy Bridgewater,QB,,1,488,10.6,10.6,,5,,2,,,,,20,32,202,1,1
FA,Brevin Jordan,TE,HOU,1,490,4.2,0.25,17,,,,2.05,11.87,,2.05,,,,,
Mundini’s Weenies,Carson Beck,QB,ARI,1,492,32.5,1.91,17,19.45,0.43,5.75,,,,,28.12,51.94,354.74,4.1,2.52
FA,Anthony Richardson Sr.,QB,IND,1,498,17.3,1.63,10.6,20.89,0.2,5.88,,,,,11.65,16.68,106.18,2,0.48
FA,Skyler Bell,WR,BUF,1,499,31.8,1.87,17,1.37,,0.35,10.7,144.47,1.13,10.7,,,,,
FA,Michael Carter,RB,TEN,1,501,31.6,1.86,17,132.38,,36.08,14.15,113.47,,14.15,,,,,
FA,Pierre Strong Jr.,RB,GB,1,502,2.1,0.12,17,3.32,,4.23,2.01,8.76,,2.01,,,,,
FA,Tyler Conklin,TE,DET,1,503,10.8,0.64,17,0.3,,,3.8,40.67,0.19,3.8,,,,,
FA,Tim Patrick,WR,NYJ,1,504,10.9,0.64,17,2.61,,0.21,5.17,46.08,0.15,5.17,,,,,
FA,Eli Raridon,TE,NE,1,505,53.4,3.14,17,,,,18.38,185.72,1.35,18.38,,,,,
FA,Kevin Coleman Jr.,WR,MIA,1,507,37.2,2.19,17,,,,15.07,186.12,0.63,15.07,,,,,
FA,Gardner Minshew II,QB,ARI,1,508,11.7,0.72,16.3,11.46,0.01,4.37,,,,,20.36,22.79,147.46,1.34,0.8
FA,Will Levis,QB,TEN,1,509,11,0.65,17,15.48,,3.62,,,,,13.95,20.95,128.67,0.87,0.21
FA,Zavion Thomas,WR,CHI,1,510,54.2,3.19,17,5.1,,1.32,19.4,247.58,1.78,19.4,,,,,
FA,Nick Vannett,TE,SEA,1,511,32.9,1.94,17,,,,9.03,86.63,1.8,9.03,,,,,
FA,Drew Sample,TE,CIN,1,512,45.6,2.68,17,0.3,,0.15,16.73,142.16,1.07,16.73,,,,,
FA,Kirk Cousins,QB,LV,1,513,52.5,3.09,17,11.22,0.19,6.09,,,,,74.66,114.11,777.84,6.14,3.88
FA,Jalen Brooks,WR,ARI,1,514,3.6,0.21,17,,,,1.55,20.97,0.01,1.55,,,,,
FA,Mo Alie-Cox,TE,IND,1,515,31.2,1.84,17,,,,10.79,106.69,0.75,10.79,,,,,
FA,Konata Mumpfield,WR,LAR,1,517,29.2,1.72,17,0.15,,,10.92,126.27,0.97,10.92,,,,,
FA,LeQuint Allen Jr.,RB,JAX,1,518,36,2.12,17,115.73,0.55,29.05,15.38,106.33,0.51,15.38,,,,,
FA,Kenny Pickett,QB,CAR,1,519,12,0.71,17,11.51,0.02,3.49,,,,,16.88,21.52,161.94,1.37,0.93
FA,Justin Joly,TE,DEN,1,520,23.9,1.41,17,,,,7.83,76.79,0.76,7.83,,,,,
FA,Jaydn Ott,RB,KC,1,521,9.7,0.57,17,63,,15,3,19,,3,,,,,
FA,Noah Fant,TE,NO,1,522,67.9,3.99,17,,,,25.77,242.08,1.36,25.77,,,,,
Eli Manning,Ollie Gordon II,RB,MIA,1,523,31.5,1.85,17,178.87,1.31,46.08,4.66,27.41,0.22,4.66,,,,,
FA,Kalif Raymond,WR,CHI,1,524,46.1,2.71,17,23.52,0.1,3.7,20.36,180.69,0.85,20.36,,,,,
FA,Oscar Delp,TE,NO,1,525,26.8,1.58,17,1.21,,1.04,9.62,87.11,0.64,9.62,,,,,
FA,Kyle Juszczyk,RB,SF,1,527,41.2,2.42,17,9.17,0.06,4.05,23.53,205.72,1.3,23.53,,,,,
FA,Riley Leonard,QB,IND,1,528,10.9,0.64,17,11.17,0.03,2.73,,,,,14.59,22.55,173.23,0.96,0.55
Team To Be Named Later,Adam Randall,RB,BAL,1,530,44.5,2.62,17,214.59,1.51,40.65,8.28,65.23,0.7,8.28,,,,,
FA,Britain Covey,WR,PHI,1,531,0.1,0.01,17,,,,0.08,0.78,,0.25,,,,,
FA,DJ Giddens,RB,IND,1,534,29.3,1.72,17,138.42,0.87,33.6,8.13,53.95,0.2,8.13,,,,,
FA,Jaylin Lane,WR,WAS,1,535,35.8,2.11,17,1.27,0.01,0.66,11.9,156.15,0.93,11.9,,,,,
FA,Jerome Ford,RB,WAS,1,536,19.4,1.14,17,94.89,0.59,18.01,6.36,33.73,,6.36,,,,,
FA,Elijah Arroyo,TE,SEA,1,538,59.3,3.49,17,,,,20.21,201.45,1.54,20.21,,,,,
The Dart Knight,Dont'e Thornton Jr.,WR,LV,1,539,19.1,1.12,17,,,,8.36,82.86,0.44,8.36,,,,,
FA,Corey Kiner,RB,ARI,1,540,2.3,0.14,17,21.89,,4.61,0.14,1.98,,0.2,,,,,
FA,Cade York,K,NYJ,1,541,31.8,1.87,17,,,,,,,,,,,,
FA,Trevor Etienne,RB,CAR,1,542,13,0.76,17,56.76,0.36,13.12,3.86,29.45,0.09,3.86,,,,,
FA,Isaiah Bond,WR,CLE,1,543,32,1.88,17,21.97,0.07,3.99,11.23,130.08,0.9,11.23,,,,,
FA,Raheim Sanders,RB,CLE,1,544,17.9,1.05,17,104.25,0.49,28.47,4.33,24.46,,4.33,,,,,
FA,Sam Howell,QB,DAL,1,545,9.2,0.54,17,6.33,0.07,1.17,,,,,12.63,20,131.57,0.96,0.65
FA,Devontez Walker,WR,BAL,1,546,39,2.29,17,1.11,,0.21,11.54,188.86,1.46,11.54,,,,,
FA,Will Mallory,TE,IND,1,547,30,1.76,17,,,,8.63,126,0.75,8.63,,,,,
FA,Tahj Brooks,RB,CIN,1,549,17.8,1.05,17,124.97,0.8,30.44,1.02,1.36,0.02,1.18,,,,,
FA,Emari Demercado,RB,KC,1,550,60.9,3.58,17,328.98,1.34,62.82,14.71,107.43,0.66,14.71,,,,,
FA,Demarcus Robinson,WR,SF,1,551,48.5,2.85,17,2.63,,0.45,16.7,232.29,1.41,16.7,,,,,
FA,Zamir White,RB,SF,1,552,4.1,4.1,,21,,5,2,10,,,,,,,
FA,Luke McCaffrey,WR,WAS,1,553,41.4,2.44,17,0.3,,,11.64,213.66,1.42,11.64,,,,,
FA,Jordan Whittington,WR,LAR,1,554,30.2,1.78,17,9.47,0.07,1.89,11.68,126.45,0.8,11.68,,,,,
FA,Jawhar Jordan,RB,HOU,1,555,36.4,2.14,17,183.89,0.9,45.21,6.97,79.02,0.34,6.97,,,,,
FA,Will Shipley,RB,PHI,1,556,20.8,1.22,17,39.62,0.41,12.23,10.38,78.75,0.27,10.38,,,,,
FA,Van Jefferson,WR,WAS,1,557,19.3,1.14,17,,,,7.94,90.76,0.39,7.94,,,,,
FA,Isaiah Davis,RB,NYJ,1,558,40.8,2.4,17,180.3,1.19,36.15,11.3,89.06,0.2,11.3,,,,,
FA,AJ Dillon,RB,CAR,1,559,81.8,4.81,17,516,2.24,120,15.44,145,0.75,15.44,,,,,
FA,Deuce Vaughn,RB,,1,560,21.7,21.7,,143,1,32,1,9,,,,,,,
2 Leggete 2 Quit,Xavier Legette,WR,CAR,1,561,87.6,5.15,17,8.46,0.04,1.53,33.83,386.27,2.43,33.83,,,,,
FA,Chris Brooks,RB,GB,1,562,50,2.94,17,263.74,1.21,60.28,13.59,95.91,0.19,13.59,,,,,
FA,Cameron Latu,TE,PHI,1,563,5,0.29,17,,,,2,20,,2,,,,,
FA,Grant Calcaterra,TE,PHI,1,567,35.1,2.06,17,,,,11.66,113.08,1.05,11.66,,,,,
FA,Ameer Abdullah,RB,JAX,1,568,11.3,0.66,17,40.18,0.51,9.19,4.14,20.16,0.02,4.14,,,,,
FA,Ja'Tavion Sanders,TE,CAR,1,569,55.5,3.26,17,0.3,,0.15,21.38,176.98,0.99,21.38,,,,,
FA,Andrei Iosivas,WR,CIN,1,573,79.6,4.68,17,9.92,0.03,2.17,27.89,356.2,2.53,27.89,,,,,
FA,Lil'Jordan Humphrey,WR,DEN,1,574,23.1,1.36,17,,,,8.07,97.74,0.89,8.07,,,,,
FA,New Orleans Saints,DST,NO,1,575,95.5,5.6,,,,,,,,,,,,,
FA,Davis Mills,QB,HOU,1,577,16.9,0.99,17,10.31,0.01,3.62,,,,,18.37,29.75,190.24,1.87,0.71
FA,Xavier Hutchinson,WR,HOU,1,580,61.1,3.59,17,14.02,0.03,1.81,22.9,270.33,1.62,22.9,,,,,
FA,Jacardia Wright,RB,SEA,1,582,3.3,0.19,17,8,,2,2,15,,2,,,,,
FA,Reggie Gilliam,RB,NE,1,583,5.1,0.3,17,0.71,,0.29,3.32,27.43,0.13,3.32,,,,,
FA,Joe Royer,TE,CLE,1,586,21.8,1.28,17,,,,7.2,73.42,0.62,7.2,,,,,
FA,Mason Kinsey,WR,TEN,1,591,2.7,0.16,17,,,,1.26,14.97,,1.41,,,,,
FA,Josh Johnson,QB,CIN,1,592,4.8,0.28,17,5.93,,0.93,,,,,8.23,13.53,85.33,0.47,0.47
FA,Tanner Koziol,TE,JAX,1,595,21.4,1.26,17,,,,7.37,68.44,0.59,7.37,,,,,
FA,Will Kacmarek,TE,MIA,1,596,67.9,3.99,17,0.9,,0.15,24.16,231.65,1.59,24.16,,,,,
FA,Jarrett Stidham,QB,DEN,1,598,11.1,0.65,17,11.39,0.02,3.48,,,,,13.36,21.55,156.02,0.9,0.41
FA,Zack Kuntz,TE,DAL,1,600,36.8,2.16,17,,,,12,128,1,16,,,,,
FA,Cole Turner,TE,MIA,1,602,16.8,0.99,17,,,,5.34,52.25,0.59,5.34,,,,,
FA,Myles Price,WR,MIN,1,603,0,0,17,,,,0.01,0.33,,0.06,,,,,
FA,Ronnie Rivers,RB,LAR,1,604,7,0.41,17,43.45,0.02,9.52,1.99,15.07,0.02,1.99,,,,,
FA,Jaret Patterson,RB,LAC,1,606,16.7,0.98,17,102.22,0.54,28.22,3.73,17.85,,3.73,,,,,
FA,Odell Beckham Jr.,WR,NYG,1,607,24.5,1.44,17,,,,9.29,113.41,0.67,9.29,,,,,
FA,Marlin Klein,TE,HOU,1,609,48.3,2.84,17,,,,17.31,169.24,1.04,17.31,,,,,
FA,Kevin Austin Jr.,WR,NO,1,610,30.3,1.78,17,2.41,,0.61,12.81,141.72,0.53,12.81,,,,,
FA,Jelani Woods,TE,NYJ,1,613,0,0,17,,,,0.02,0.55,,0.07,,,,,
FA,Tylan Wallace,WR,CLE,1,614,4.2,0.25,17,,,,1.79,22.06,0.04,2.47,,,,,
FA,Teagan Quitoriano,TE,ARI,1,615,34.9,2.05,17,,,,12,109,1,12,,,,,
FA,Dante Pettis,WR,BUF,1,616,3.3,0.19,17,2.36,,0.43,1.7,14.12,,1.7,,,,,
FA,Nathan Carter,RB,ATL,1,617,9.6,0.56,17,71.37,0.54,11.21,,,,,,,,,
FA,Brenen Thompson,WR,LAC,1,618,29,1.71,17,9.04,0.06,1.7,11.41,127.94,0.64,11.41,,,,,
FA,Durham Smythe,TE,BAL,1,620,26.9,1.58,17,,,,9.6,95.03,0.51,9.6,,,,,
FA,Zaire Mitchell-Paden,TE,NO,1,622,31.9,1.88,17,11,,8,10.01,107,0.84,10.01,,,,,
FA,Dominic Zvada,K,NYG,1,624,74.4,4.38,17,,,,,,,,,,,,
FA,Israel Abanikanda,RB,DAL,1,625,22.6,22.6,,147,1,32,1,14,,,,,,,
FA,Michael Bandy,WR,DEN,1,626,0,0,17,,,,,,,,,,,,
FA,Adam Prentice,RB,DEN,1,627,8.2,0.48,17,18.29,0.1,4.9,4.13,31.09,0.12,4.13,,,,,
FA,Ko Kieft,TE,TB,1,628,9.1,0.54,17,,,,2.95,33.12,0.23,2.95,,,,,
FA,Nate Adkins,TE,DEN,1,629,31.3,1.84,17,,,,10.16,85.01,1.26,10.16,,,,,
FA,Darius Cooper,WR,PHI,1,630,9.2,0.54,17,,,,4.5,37.55,0.17,4.5,,,,,
FA,Bryce Lance,WR,NO,1,632,25.6,1.51,17,-0.06,,0.1,9.88,123.52,0.59,9.88,,,,,
FA,Shane Zylstra,TE,BUF,1,634,2.8,0.16,17,,,,1,13,,1,,,,,
FA,Velus Jones Jr.,RB,SEA,1,635,0.7,0.7,,7,,2,,,,,,,,,
FA,Lucas Krull,TE,DEN,1,638,19.1,1.12,17,,,,7.51,47.55,0.52,12.6,,,,,
FA,Drew Ogletree,TE,IND,1,639,11.9,0.7,17,,,,4.57,32.72,0.32,4.57,,,,,
FA,Jahdae Walker,WR,CHI,1,640,42.3,2.49,17,2.32,,0.35,11.07,187.37,2.05,11.07,,,,,
FA,Jalen Royals,WR,KC,1,641,22,1.29,17,2.17,,0.3,9.86,82.21,0.64,9.86,,,,,
FA,Stone Smartt,TE,PHI,1,642,18.8,1.11,17,,,,7.38,76.62,0.02,7.38,,,,,
FA,Cincinnati Bengals,DST,CIN,1,647,99.2,5.8,,,,,,,,,,,,,
FA,Colbie Young,WR,CIN,1,648,34.8,2.05,17,0.52,,0.21,12.78,158.9,1.07,12.78,,,,,
FA,Josh Oliver,TE,MIN,1,650,58.6,3.45,17,,,,17.97,185.76,2.2,17.97,,,,,
FA,Jimmy Horn Jr.,WR,CAR,1,653,23.2,1.36,17,34.76,0.12,5.39,8.3,82.17,0.46,8.3,,,,,
FA,David Moore,WR,CAR,1,654,15.8,0.93,17,,,,5.07,78.71,0.49,5.07,,,,,
FA,Malik Benson,WR,LV,1,656,45.7,2.69,17,0.72,,0.16,17.06,244.06,0.76,17.06,,,,,
FA,James Mitchell,TE,CAR,1,657,24.3,1.43,17,,,,9.75,98.08,,9.75,,,,,
FA,Mitchell Trubisky,QB,TEN,1,658,9,0.53,17,5.66,0.02,2.44,,,,,12.96,21.48,144.04,0.77,0.46
FA,Tyler Goodson,RB,ATL,1,660,3.9,0.23,17,23.43,0.04,5.43,1.01,7.6,0.02,1.01,,,,,
FA,Adrian Martinez,QB,SF,1,661,11.3,0.66,17,7,,3,,,,,11,16,115,1,
FA,CJ Daniels,WR,LAR,1,664,11.6,0.68,17,1.6,,0.28,4.17,42.82,0.52,4.17,,,,,
FA,JuJu Smith-Schuster,WR,NYG,1,665,23.7,1.39,17,2.07,,0.35,8.99,124.75,0.35,8.99,,,,,
FA,Blake Grupe,K,IND,1,666,119.9,7.05,17,,,,,,,,,,,,
FA,Tez Johnson,WR,TB,1,670,25.8,1.52,17,21.85,0.13,3.8,9.08,77.62,1.04,9.08,,,,,
FA,Efton Chism III,WR,NE,1,671,14.5,0.85,17,2.19,,0.39,5.46,62.19,0.44,5.46,,,,,
FA,Sam Roush,TE,CHI,1,673,20.7,1.22,17,0.6,,0.3,7.2,65.57,0.57,7.2,,,,,
FA,Garrett Nussmeier,QB,KC,1,674,10.4,0.61,17,7.22,,1.8,,,,,10.6,16.46,107.29,0.93,0.03
FA,Feleipe Franks,TE,CAR,1,676,1.1,0.06,17,2.7,,1.08,0.42,3.08,,0.42,,,,,
FA,Theo Wease Jr.,WR,MIA,1,677,59.3,3.49,17,2.7,,0.67,18.9,256.51,2.68,18.9,,,,,
FA,Dameon Pierce,RB,PHI,1,681,14.5,0.85,17,96.42,0.76,28.34,0.61,0.11,,0.61,,,,,
FA,Hunter Long,TE,JAX,1,682,22.7,1.34,17,,,,6.82,53.37,1.2,6.82,,,,,
FA,Cedric Tillman,WR,CLE,1,683,47.6,2.8,17,0.39,,0.26,17.08,214.41,1.52,17.08,,,,,
FA,Isaiah Williams,WR,NYJ,1,684,40.4,2.38,17,14.81,0.07,2.43,16.66,161.33,0.61,16.66,,,,,
FA,Quintin Morris,TE,JAX,1,685,6.4,0.38,17,,,,2.44,24.43,0.06,2.44,,,,,
FA,John Bates,TE,WAS,1,687,45.8,2.69,17,,,,15.77,155.65,1.27,15.77,,,,,
The Dart Knight,Roman Wilson,WR,PIT,1,688,28.9,1.7,17,,,,11.27,133.11,0.74,11.27,,,,,
FA,Jam Miller,RB,NE,1,689,20.6,1.21,17,125.93,0.81,29.03,2.14,22.52,,2.14,,,,,
FA,Arian Smith,WR,NYJ,1,690,4.5,0.26,17,20.97,0.12,3.46,1.72,,0.01,1.72,,,,,
My Team Is Bad,Drew Allar,QB,PIT,1,691,9.8,0.58,17,6.55,0.02,2.09,,,,,12.65,19.8,132.75,1.08,0.56
FA,Deion Burks,WR,IND,1,692,21.3,1.25,17,5.03,,0.43,7.26,99.1,0.61,7.26,,,,,
FA,Mitchell Evans,TE,CAR,1,693,31.4,1.85,17,,,,10.81,82.31,1.17,10.81,,,,,
FA,Zach Wilson,QB,NO,1,694,0.3,0.02,17,,,0.56,,,,,0.7,0.7,4.33,0.03,
FA,Bam Knight,RB,ARI,1,697,0,0,17,,,,,,,,,,,,
FA,DeeJay Dallas,RB,JAX,1,699,0.3,0.02,17,2.73,0.01,0.81,0.01,0.2,,0.04,,,,,
FA,Kene Nwangwu,RB,NYJ,1,701,0.4,0.02,17,4.48,,1.32,0.01,0.16,,0.18,,,,,
FA,Jordan Watkins,WR,SF,1,705,1.3,0.08,17,,,,0.46,8.76,,0.46,,,,,
FA,Elijah Higgins,TE,ARI,1,707,54.9,3.23,17,,,,21.35,192.18,0.78,21.35,,,,,
FA,Elijah Mitchell,RB,,1,708,23.5,1.38,17,159,0.76,35,2,20.03,,2,,,,,
FA,Damien Martinez,RB,GB,1,709,6.5,0.38,17,41,,10,2,14,,2,,,,,
FA,Julius Chestnut,RB,TEN,1,711,4,0.24,17,32.96,,9.17,0.96,3.42,,1.21,,,,,
FA,Brittain Brown,RB,CHI,1,712,15.8,0.93,17,54.68,1.75,8.6,,,,,,,,,
FA,Phil Mafah,RB,DAL,1,713,22.8,1.34,17,120.56,1.01,28.77,3.2,29.37,0.06,3.2,,1.47,,,
FA,Eli Heidenreich,RB,PIT,1,714,6.1,0.36,17,64.65,,17.36,,,,,,,,,
FA,Cam Akers,RB,,1,715,4.1,4.1,,16,,4,2,15,,,,,,,
FA,Nick Mullens,QB,JAX,1,716,9.4,0.55,17,3.69,0.01,3.27,,,,,13.24,19.54,140.34,0.92,0.48
FA,Ty Chandler,RB,NO,1,717,25.8,1.52,17,120.49,0.63,44.38,9.84,50.08,0.01,9.84,,,,,
FA,Savion Williams,WR,GB,1,718,54.5,3.21,17,40.29,0.2,7.68,19.34,215.15,1.47,19.34,,,,,
FA,Sione Vaki,RB,DET,1,721,3.8,0.22,17,21.33,0.02,4.03,1.28,9.57,,1.28,,,,,
FA,J'Mari Taylor,RB,JAX,1,722,28.2,1.66,17,160,1,38,5,37,,5,,,,,
FA,Chris Oladokun,QB,KC,1,724,11.7,0.69,17,18,,4,,,,,14,23,148,1,
FA,Cade Klubnik,QB,NYJ,1,727,9.2,0.54,17,11.33,0.02,3.13,,,,,19.33,20.77,128.43,1.26,1.1
FA,Erick All Jr.,TE,CIN,1,730,76.8,4.52,17,0.79,,0.2,28.27,249.91,1.6,31.14,,,,,
FA,Patrick Ricard,RB,NYG,1,731,4.6,0.27,17,0.71,,0.21,3.15,24.42,0.11,3.15,,,,,
FA,Jaleel McLaughlin,RB,DEN,1,732,22.4,1.32,17,125.05,0.87,30.46,4.65,22.4,0.02,4.65,,,,,
FA,Tyler Badie,RB,DEN,1,737,9.1,0.54,17,20.17,0.02,3.37,5.37,38.85,0.08,5.37,,,,,
FA,Desmond Ridder,QB,,1,738,9.2,0.54,17,13.76,,3.28,,,,,8.52,12.45,98.93,0.66,
FA,Quinn Ewers,QB,MIA,1,740,11.5,0.68,17,12.18,0.01,3.32,,,,,18.75,23.99,174.92,1.27,1.03
FA,Andrew Beck,RB,NYJ,1,741,12.4,0.73,17,3.09,,0.39,4.91,33.45,1.06,5.44,,,,,
FA,Roschon Johnson,RB,CHI,1,743,28.2,1.66,17,105.5,2.37,30.46,3.38,18.82,,3.38,,,,,
FA,Will Howard,QB,PIT,1,744,8.1,0.48,17,5.87,,2.17,,,,,9.94,16,107.39,1.04,0.63
Mundini’s Weenies,Jalen Milroe,QB,SEA,1,745,8.7,0.51,17,13.53,,5.11,,,,,7.49,11.92,82.43,0.81,0.19
FA,Seth McGowan,RB,IND,1,746,20.5,1.21,17,98.14,0.98,21.43,3.64,26,0.07,3.64,,,,,
FA,Jacob Cowing,WR,SF,1,747,0.5,0.03,17,,,,0.26,2.11,,0.26,,,,,
FA,Lan Larison,RB,NE,1,750,9.4,0.55,17,66.8,0.5,18.1,,,,,,,,,
FA,Spencer Rattler,QB,NO,1,752,15.4,0.91,17,14.66,0.01,3.16,,,,,19.04,22.16,165.49,2.11,1.24
FA,Reggie Virgil,WR,ARI,1,753,7.5,0.44,17,,,,3.21,37.7,0.11,3.21,,,,,
FA,Jason Sanders,K,NYJ,1,754,103.5,6.09,17,,,,,,,,,,,,
FA,Tanner Hudson,TE,CIN,1,756,35.6,2.09,17,,,,14.06,110.89,0.6,14.06,,,,,
FA,Chris Moore,WR,BAL,1,758,4.1,0.24,17,,,,2,21,,2,,,,,
FA,Mason Rudolph,QB,PIT,1,761,18.3,1.08,17,11.89,,3.49,,,,,14.2,20.02,208.49,1.75,0.39
FA,Shane Buechele,QB,BUF,1,762,12,0.71,17,18.05,,3.16,,,,,11.06,15.81,136.56,0.79,
FA,Laquon Treadwell,WR,IND,1,763,15.4,0.91,17,,,,6.05,74.12,0.34,6.05,,,,,
FA,Tommy DeVito,QB,NE,1,764,10.1,0.59,17,8.45,0.04,2.94,,,,,14.08,20.93,154.35,0.84,0.49
FA,Joe Milton III,QB,DAL,1,765,13.2,0.78,17,16.3,,5.14,,,,,17.52,21.71,171.58,1.48,0.97
FA,Ian Thomas,TE,LV,1,766,16.1,0.95,17,,,,5.98,55.17,0.27,5.98,,,,,
FA,Stetson Bennett IV,QB,LAR,1,767,0,0,17,,,,,,,,,,,,
FA,Tyson Bagent,QB,CHI,1,768,11.5,0.68,17,9.32,0.02,3.97,,,,,14.27,21.3,165.47,0.9,0.34
Badger? Hardly Know Her!,Ben Sinnott,TE,WAS,1,770,35.9,2.11,17,,,,11.21,116.93,1.26,11.21,,,,,
FA,Josh Cameron,WR,JAX,1,781,8.2,0.48,17,1.73,0.01,1.4,1.39,35.73,0.52,1.39,,,,,
FA,Keandre Lambert-Smith,WR,LAC,1,782,19.3,1.14,17,1.14,,0.21,7.52,82.22,0.6,7.52,,,,,
FA,Salvon Ahmed,RB,CHI,1,784,23.1,1.36,17,154,1,35,1,12,,1.02,,,,,
FA,Anthony Firkser,TE,,1,789,34.3,2.02,17,,,,12,103,1,15,,,,,
FA,LaJohntay Wester,WR,BAL,1,790,0.8,0.05,17,2.46,,0.44,0.5,6.75,0.02,0.72,,,,,
FA,Pharaoh Brown,TE,IND,1,791,13.8,0.81,17,,,,6.75,37.83,,6.75,,,,,
FA,Isaac Guerendo,RB,SF,1,792,15.4,0.91,17,93.83,0.5,22.88,2.89,17.69,,2.89,,,,,
FA,Rasheen Ali,RB,BAL,1,797,14.4,0.85,17,47.44,0.21,12.79,5.72,43.88,0.22,5.72,,,,,
FA,Travis Homer,RB,PIT,1,801,0,0,17,-0.4,,0.2,,,,,,,,,
FA,Mitch Tinsley,WR,CIN,1,803,11.4,0.67,17,,,,4.19,41.7,0.52,4.19,,,,,
FA,Johnny Mundt,TE,PHI,1,804,8.9,0.52,17,,,,3.18,32.51,0.16,3.18,,,,,
FA,Dare Ogunbowale,RB,LV,1,807,10.5,0.62,17,21.44,0.3,7.9,5.42,39.35,0.02,5.42,,,,,
FA,Jackson Hawes,TE,BUF,1,808,37.7,2.22,17,,,,11.37,122.77,1.41,11.37,,,,,
FA,Eric Rivers Jr.,WR,TB,1,809,29.4,1.73,17,,,,11,124,1,11,,,,,
FA,Josh Williams,RB,TB,1,812,0,0,17,0.4,,0.04,,,,,,,,,
FA,Charlie Jones,WR,CIN,1,815,0.6,0.04,17,0.57,,0.13,0.3,3,,0.9,,,,,
FA,Jeremy McNichols,RB,WAS,1,819,22.6,1.33,17,92.23,0.66,16.87,6.99,59.59,,6.99,,,,,
FA,Colson Yankoff,TE,WAS,1,821,0.6,0.6,,,,,,6,,,,,,,
FA,Jake Bobo,WR,SEA,1,826,9.4,0.55,17,,,,4.34,48.76,0.04,4.34,,,,,
FA,Luke Schoonmaker,TE,DAL,1,827,38.5,2.26,17,,,,13.79,128.39,0.85,13.79,,,,,
FA,Dane Key,WR,DEN,1,832,6.6,0.39,17,,,,3,36,,3,,,,,
FA,Brevyn Spann-Ford,TE,DAL,1,838,23.2,1.36,17,,,,7.23,87.87,0.62,7.23,,,,,
FA,Terrell Jennings,RB,,1,839,23.5,1.38,17,137.87,0.88,43.8,4.81,28.31,,5.29,,,,,
FA,Kaden Wetjen,WR,PIT,1,843,4,0.24,17,7.78,0.05,1.64,0.32,,,,,,,,
FA,Gage Larvadain,WR,CLE,1,845,1.8,0.11,17,0.75,,0.15,1.09,7.24,,1.61,,,,,
FA,Emmanuel Henderson Jr.,WR,SEA,1,846,3.6,0.21,17,,,,1.6,20.2,,1.8,,,,,
FA,Cade Stover,TE,HOU,1,847,42.1,2.48,17,10.25,0.05,4.05,15.55,128.06,0.79,15.55,,,,,
FA,Barion Brown,WR,NO,1,848,11.6,0.68,17,,,,5.07,44.59,0.36,5.07,,,,,
FA,JP Richardson,WR,CHI,1,851,21.6,1.27,17,,,,10.2,80.1,0.6,11.2,,,,,
FA,Jacob Saylors,RB,DET,1,854,0.1,0.01,17,1.19,,0.48,,,,,,,,,
FA,Bryce Oliver,WR,TEN,1,856,9,0.53,17,,,,4.05,49.27,,4.05,,,,,
FA,Seydou Traore,TE,MIA,1,859,14.4,0.85,17,,,,5.89,40,0.26,5.89,,,,,
FA,Ke'Shawn Williams,WR,CIN,1,862,0,0,17,,,,,,,,,,,,
FA,Mason Tipton,WR,NO,1,868,9.7,0.57,17,2.64,,0.59,3.83,57.25,,3.83,,,,,
FA,Matt Hibner,TE,BAL,1,873,30.1,1.77,17,,,,10,107.44,0.73,10,,,,,
FA,British Brooks,RB,HOU,1,875,2.2,0.13,17,17.99,0.08,5.4,,,,0.14,,,,,
FA,Kameron Johnson,WR,TB,1,876,2.7,0.16,17,10.35,0.07,1.73,1.08,,0.03,1.21,,,,,
FA,Jack Endries,TE,CIN,1,877,39.1,2.3,17,,,,13.85,115.25,1.13,13.85,,,,,
FA,Nikko Remigio,WR,KC,1,878,1.2,0.07,17,1.66,,0.3,0.84,,0.05,1.36,,,,,
FA,Frank Gore Jr.,RB,BUF,1,879,28.7,1.69,17,157.81,1.58,33.7,2.38,23.46,,2.38,,,,,
FA,Dillon Gabriel,QB,CLE,1,881,11.7,0.69,17,6.33,,1.35,,,,,16.9,31.25,182.37,1.07,0.62
FA,Ben Yurosek,TE,MIN,1,882,7.1,0.42,17,,,,3.18,23.96,,3.18,,,,,
FA,Jeshaun Jones,WR,MIN,1,888,0,0,17,,,,,,,,,,,,
FA,Hunter Luepke,RB,DAL,1,891,19.9,1.17,17,59.34,0.3,12.63,8.61,65.89,0.25,8.61,,,,,
FA,Dallen Bentley,TE,DEN,1,895,24.5,1.44,17,,,,8.57,74.29,0.71,10.71,,,,,
FA,Carson Wentz,QB,MIN,1,896,13,0.76,17,7.75,,2.17,,,,,16.82,19.25,192.41,1.28,0.76
FA,CJ Dippre,TE,NE,1,899,11.2,0.66,17,,,,3.89,37.31,0.28,3.89,,,,,
FA,Bauer Sharp,TE,TB,1,900,30.4,1.79,17,,,,9.93,101.97,0.9,9.93,,,,,
FA,Brycen Tremayne,WR,CAR,1,901,8.5,0.5,17,0.95,,0.12,4.01,37.87,0.13,4.01,,,,,
FA,Nate Boerkircher,TE,JAX,1,903,40.1,2.36,17,,,,13.48,137.59,1.16,13.48,,,,,
FA,Anthony Gould,WR,IND,1,905,7.7,0.45,17,1.24,,0.23,3.1,37.7,0.14,3.1,,,,,
FA,Desmond Reid,RB,,1,911,23.3,23.3,,122,1,29,4,31,,,,,,,
FA,Aidan O'Connell,QB,LV,1,913,3.9,0.23,17,2.76,,1.06,,,,,7.27,7.27,61.5,0.29,0.11
FA,Michael Burton,RB,CLE,1,918,11.8,0.69,17,13.31,0.45,5.53,4.29,29.12,0.47,4.29,,,,,
FA,Thomas Fidone II,TE,NYG,1,919,31.1,31.1,,,,,10,101,1,,,,,,
FA,Keleki Latu,TE,BUF,1,923,29.6,1.74,17,,,,11.1,131.71,,11.1,,,,,
FA,Johnny Wilson,WR,PHI,1,924,0,0,17,,,,0.03,0.66,,1.8,,,,,
FA,Malachi Corley,WR,CLE,1,932,10,0.59,17,42.46,0.14,6.69,3.04,17.27,0.05,3.04,,,,,
FA,Moliki Matavao,TE,NO,1,933,9.1,0.54,17,7.84,,3.92,3.85,26.39,,3.86,,,,,
FA,Cam Grandy,TE,CIN,1,935,34,2,17,3,,0.33,12.83,97.92,0.79,12.83,,,,,
FA,David Martin-Robinson,TE,TEN,1,936,28,28,,,,,10,70,1,,,,,,
FA,Jamal Haynes,RB,CIN,1,937,8.6,0.51,17,63,,15,2,13,,2,,,,,
FA,Hayden Rucci,TE,SF,1,939,35.8,2.11,17,,,,12,118,1,12,,,,,
FA,Drew Stevens,K,WAS,1,948,106.6,6.27,17,,,,,,,,,,,,
FA,Kalel Mullings,RB,TEN,1,949,2.2,0.13,17,14.89,0.02,4.41,0.9,2.44,,0.9,,,,,
FA,Devin Culp,TE,TB,1,951,19,1.12,17,,,,5.75,53.37,0.85,5.75,,,,,
FA,Dean Connors,RB,LAR,1,953,7.4,0.44,17,46,,11,2,18,,2,,,,,
FA,Diego Pavia,QB,,1,955,11.5,11.5,,22,,4,,,,,18,29,183,1,1
FA,Blake Whiteheart,TE,CLE,1,956,6.3,0.37,17,,,,2.46,25.13,0.02,3.42,,,,,
FA,Derius Davis,WR,LAC,1,958,9.6,0.56,17,9.14,0.04,2.26,3.03,38.6,0.33,3.03,,,,,
FA,Tip Reiman,TE,ARI,1,960,22.4,1.32,17,,,,8.56,71.81,0.42,8.56,,,,,
FA,Cole Payton,QB,PHI,1,961,10.1,0.59,17,9.03,,1.8,,,,,9.03,12.63,94.76,0.9,
FA,Jaheim Bell,TE,PIT,1,970,30.8,1.81,17,,,,10,98,1,13,,,,,
FA,Payne Durham,TE,TB,1,973,20.6,1.21,17,,,,6.54,67.28,0.69,6.54,,,,,
FA,Taylen Green,QB,CLE,1,981,28.3,1.66,17,69,1,15,,,,,32,53,335,2,2
FA,Donovan Edwards,RB,MIA,1,982,12.4,0.73,17,75.94,0.55,11.44,1.1,10.47,,1.1,,,,,
FA,Ben Sims,TE,MIA,1,983,44.7,2.63,17,,,,14.83,168.71,0.95,14.83,,,,,
FA,Carlos Washington Jr.,RB,MIA,1,984,21.9,1.29,17,130,1,31,2,19,,2,,,,,
FA,Dylan Laube,RB,LV,1,985,3.2,0.19,17,18.49,0.02,4.15,1.14,7.04,,1.14,,,,,
FA,Behren Morton,QB,NE,1,988,10.4,0.61,17,8.12,,1.8,,,,,9.03,13.54,106.49,0.9,
FA,Brady Cook,QB,NYJ,1,995,4.2,0.25,17,10.54,,2.01,,,,,6.69,10.08,54.94,0.51,0.51
FA,Eric Gray,RB,NYG,1,999,1.7,0.1,17,5.97,,1.29,1.39,5.29,,1.39,,,,,
FA,Keenan Allen,WR,,1,,95,95,,,,,38,390,3,,,,,,
Team To Be Named Later,Tyreek Hill,WR,,1,,93.7,93.7,,5,,1,33,422,3,,,,,,
FA,Jonnu Smith,TE,,1,,43.4,43.4,,10,,2,15,139,1,,,,,,
FA,Zay Jones,WR,,1,,38.3,38.3,,,,,16,223,,,,,,,
FA,Donald Parham Jr.,TE,,1,,38.2,38.2,,36,1,8,10,89.46,0.78,,,,,,
FA,Miles Kitselman,TE,,1,,38.1,38.1,,,,,13,126,1,,,,,,
FA,Lance Mason,TE,PIT,1,,38.1,38.1,,,,,13,126,1,,,,,,
FA,Rivaldo Fairweather,TE,ARI,1,,34.9,2.05,17,,,,12,109,1,15,,,,,
FA,Zach Ertz,TE,,1,,34.1,34.1,,,,,11.25,112.42,1,,,,,,
FA,Will Dissly,TE,,1,,32.5,32.5,,,,,11,100,1,,,,,,
FA,Austin Ekeler,RB,,1,,29.7,1.75,17,142.17,1,33.29,6.74,61.49,,6.74,,,,,
FA,John FitzPatrick,TE,,1,,29.5,29.5,,,,,10.22,82.34,1,,,,,,
FA,Brandin Cooks,WR,,1,,28.8,28.8,,,,,10,128,1,,,,,,
FA,Tyler Lockett,WR,,1,,28.3,28.3,,,,,11,113,1,,,,,,
FA,Derek Carr,QB,,1,,27.2,27.2,,13,,4,,,,,43,66,447,3,2
My Team Is Bad,Jermaine Burton,WR,,1,,26,26,,6,,1,8,114,1,,,,,,
FA,Nick Chubb,RB,,1,,25.4,25.4,,138,1,35,5,31,,,,,,,
FA,Travis Vokolek,TE,,1,,25.3,1.49,17,,,,9.29,77.59,0.61,9.29,,,,,
FA,Gabe Davis,WR,,1,,23.1,23.1,,,,,11,121,,,,,,,
FA,Kareem Hunt,RB,,1,,22.7,22.7,,130,1,35,3,22,,,,,,,
Mundini’s Weenies,Najee Harris,RB,,1,,21.1,1.24,17,119.27,1,28.49,2.74,18,,2.74,,,,,
FA,Sterling Shepard,WR,,1,,20.8,20.8,,9.44,,1.76,10.5,101.63,,,,,,,
FA,Alexander Mattison,RB,,1,,14.9,14.9,,56,,25,8,53,,,,,,,
FA,Raheem Mostert,RB,,1,,12.7,12.7,,46.21,,14.21,7.25,45,,,,,,,
FA,Taysom Hill,TE,,1,,11.5,11.5,,20,,5,4,35,,,,,,,
FA,Clayton Tune,QB,,1,,11.4,11.4,,16,,4,,,,,19,31,195,1,1
FA,Jimmy Garoppolo,QB,,1,,11.3,11.3,,6,,2,,,,,21,33,218,1,1
FA,Josh Reynolds,WR,,1,,10.6,10.6,,,,,5.25,53.75,,,,,,,
FA,Tucker Fisk,TE,,1,,9.5,9.5,,,,,4,35,,,,,,,
FA,Dallin Holker,TE,,1,,9.5,9.5,,,,,4,35,,,,,,,
FA,Jack Velling,TE,ATL,1,,9.3,9.3,,,,,4,33,,,,,,,
FA,Shedrick Jackson,WR,LV,1,,8.6,8.6,,,,,4,46,,,,,,,
FA,Dre Miller,TE,,1,,7.4,7.4,,,,,4,14,,,,,,,
FA,Dylan Drummond,WR,ATL,1,,6.6,6.6,,,,,4,26,,,,,,,
FA,Allen Lazard,WR,,1,,6.4,6.4,,,,,3,34,,,,,,,
FA,Curtis Samuel,WR,,1,,5.3,5.3,,6,,1,2,27,,,,,,,
FA,Dee Eskridge,WR,,1,,4.6,4.6,,3.71,,0.62,2,23.75,,,,,,,
FA,Jalen Reagor,WR,MIA,1,,4.3,0.86,5,,,,1.73,22.17,0.07,1.73,,,,,
FA,Tyree Jackson,TE,,1,,4,4,,,,,2,10,,,,,,,
FA,Antonio Gibson,RB,,1,,2.9,2.9,,4,,1,2,15,,,,,,,
FA,DeAndre Hopkins,WR,,1,,2.5,2.5,,,,,1,15,,,,,,,
FA,Craig Reynolds,RB,WAS,1,,2.1,2.1,,5.71,,2,1.25,10,,,,,,,
FA,Jack Westover,TE,NE,1,,1.9,1.9,,,,,1,4,,,,,,,
FA,DeAndre Carter,WR,,1,,1.8,1.8,,11,,2,1,17,,,,,,,
FA,D'Ernest Johnson,RB,,1,,1.3,1.3,,13,,9,,,,,,,,,
FA,Clyde Edwards-Helaire,RB,,1,,0.8,0.8,,8,,2,,,,,,,,,
FA,James Proche II,WR,,1,,0.6,0.6,,6,,1,,,,,,,,,
FA,Ulysses Bentley IV,RB,IND,1,,0.5,0.5,,5,,3,,,,,,,,,
FA,Alex Bachman,WR,,1,,0.2,0.2,,,,,,2,,,,,,,
FA,Matt Prater,K,,1,,0,0,17,,,,,,,,,,,,
2 Leggete 2 Quit,Chris Brazzell II,WR,CAR,1,,0,0,,,,,,,,,,,,,
FA,Matt Ryan,QB,,1,,,,,,,,,,,,,,,,
FA,Robbie Gould,K,,1,,,,,,,,,,,,,,,,
FA,Mason Crosby,K,,1,,,,,,,,,,,,,,,,
FA,Chad Henne,QB,,1,,,,,,,,,,,,,,,,
FA,Marcedes Lewis,TE,,1,,,,,,,,,,,,,,,,
FA,Muhsin Muhammad II,WR,,1,,,,,,,,,,,,,,,,
FA,DeSean Jackson,WR,,1,,,,,,,,,,,,,,,,
FA,Tom Brady,QB,,1,,,,,,,,,,,,,,,,
FA,Matthew Slater,WR,,1,,,,,,,,,,,,,,,,
FA,Philip Rivers,QB,,1,,,,,,,,,,,,,,,,
FA,Brian Hoyer,QB,,1,,,,,,,,,,,,,,,,
FA,Ryan Succop,K,,1,,,,,,,,,,,,,,,,
FA,Chase Daniel,QB,,1,,,,,,,,,,,,,,,,
FA,Graham Gano,K,,1,,,,,,,,,,,,,,,,
FA,Colt McCoy,QB,,1,,,,,,,,,,,,,,,,
FA,Jimmy Graham,TE,,1,,,,,,,,,,,,,,,,
FA,Andre Roberts,WR,,1,,,,,,,,,,,,,,,,
FA,A.J. Green,WR,,1,,,,,,,,,,,,,,,,
FA,Blaine Gabbert,QB,,1,,,,,,,,,,,,,,,,
FA,Jonathan Baldwin,WR,GB,1,,,,,,,,,,,,,,,,
FA,Taiwan Jones,RB,,1,,,,,,,,,,,,,,,,
FA,Randall Cobb,WR,,1,,,,,,,,,,,,,,,,
FA,DJ Williams,TE,,1,,,,,,,,,,,,,,,,
FA,Kyle Rudolph,TE,,1,,,,,,,,,,,,,,,,
FA,Julio Jones,WR,,1,,,,,,,,,,,,,,,,
FA,Mark Ingram II,RB,,1,,,,,,,,,,,,,,,,
FA,Nick Foles,QB,,1,,,,,,,,,,,,,,,,
FA,Brandon Bolden,RB,,1,,,,,,,,,,,,,,,,
FA,Ryan Tannehill,QB,,1,,,,,,,,,,,,,,,,
FA,Marvin Jones Jr.,WR,,1,,,,,,,,,,,,,,,,
FA,Mohamed Sanu,WR,,1,,,,,,,,,,,,,,,,
FA,Randy Bullock,K,,1,,,,,,,,,,,,,,,,
FA,T.Y. Hilton,WR,,1,,,,,,,,,,,,,,,,
FA,Cole Beasley,WR,,1,,,,,,,,,,,,,,,,
FA,Russell Wilson,QB,,1,,,,,,,,,,,,,,,,
FA,Josh Gordon,WR,,1,,,,,,,,,,,,,,,,
FA,Justin Tucker,K,,1,,,,,,,,,,,,,,,,
FA,Greg Zuerlein,K,,1,,,,,,,,,,,,,,,,
FA,Matt Barkley,QB,,1,,,,,,,,,,,,,,,,
FA,Marquise Goodwin,WR,,1,,,,,,,,,,,,,,,,
FA,Dustin Hopkins,K,,1,,,,,,,,,,,,,,,,
FA,Robert Woods,WR,,1,,,,,,,,,,,,,,,,
FA,Giovani Bernard,RB,,1,,,,,,,,,,,,,,,,
FA,Rex Burkhead,RB,,1,,,,,,,,,,,,,,,,
FA,Ryan Griffin,TE,,1,,,,,,,,,,,,,,,,
FA,Brandon McManus,K,,1,,,,,,,,,,,,,,,,
FA,Latavius Murray,RB,,1,,,,,,,,,,,,,,,,
FA,Cordarrelle Patterson,RB,,1,,,,,,,,,,,,,,,,
FA,Kenjon Barner,RB,,1,,,,,,,,,,,,,,,,
FA,Ryan Griffin,QB,,1,,,,,,,,,,,,,,,,
FA,Mike Glennon,QB,,1,,,,,,,,,,,,,,,,
FA,Tavon Austin,WR,,1,,,,,,,,,,,,,,,,
FA,Adam Thielen,WR,,1,,,,,,,,,,,,,,,,
FA,Case Keenum,QB,CHI,1,,,,,,,,,,,,,,,,
FA,Brett Maher,K,,1,,,,,,,,,,,,,,,,
FA,Jordan Matthews,TE,,1,,,,,,,,,,,,,,,,
FA,Sammy Watkins,WR,,1,,,,,,,,,,,,,,,,
FA,Jarvis Landry,WR,,1,,,,,,,,,,,,,,,,
FA,Damien Williams,RB,,1,,,,,,,,,,,,,,,,
FA,AJ McCarron,QB,,1,,,,,,,,,,,,,,,,
FA,Willie Snead IV,WR,,1,,,,,,,,,,,,,,,,
FA,Martavis Bryant,WR,,1,,,,,,,,,,,,,,,,
FA,Allen Robinson II,WR,,1,,,,,,,,,,,,,,,,
FA,Albert Wilson,WR,,1,,,,,,,,,,,,,,,,
FA,Keith Smith,RB,,1,,,,,,,,,,,,,,,,
FA,Richard Rodgers,TE,,1,,,,,,,,,,,,,,,,
FA,Jerick McKinnon,RB,,1,,,,,,,,,,,,,,,,
FA,Cameron Brate,TE,,1,,,,,,,,,,,,,,,,
FA,Garrett Gilbert,QB,,1,,,,,,,,,,,,,,,,
FA,John Brown,WR,,1,,,,,,,,,,,,,,,,
FA,Logan Thomas,TE,,1,,,,,,,,,,,,,,,,
FA,Amari Cooper,WR,,1,,,,,,,,,,,,,,,,
FA,Kevin White,WR,,1,,,,,,,,,,,,,,,,
FA,DeVante Parker,WR,,1,,,,,,,,,,,,,,,,
FA,Melvin Gordon III,RB,,1,,,,,,,,,,,,,,,,
FA,Nelson Agholor,WR,,1,,,,,,,,,,,,,,,,
FA,Breshad Perriman,WR,,1,,,,,,,,,,,,,,,,
FA,Phillip Dorsett II,WR,LV,1,,,,,,,,,,,,,,,,
FA,Devin Funchess,TE,,1,,,,,,,,,,,,,,,,
FA,Maxx Williams,TE,,1,,,,,,,,,,,,,,,,
FA,Tevin Coleman,RB,,1,,,,,,,,,,,,,,,,
FA,Chris Conley,WR,,1,,,,,,,,,,,,,,,,
FA,Duke Johnson,RB,,1,,,,,,,,,,,,,,,,
FA,Tyler Kroft,TE,,1,,,,,,,,,,,,,,,,
FA,David Johnson,RB,,1,,,,,,,,,,,,,,,,
FA,Sean Mannion,QB,,1,,,,,,,,,,,,,,,,
FA,Ty Montgomery II,RB,,1,,,,,,,,,,,,,,,,
FA,Jamison Crowder,WR,,1,,,,,,,,,,,,,,,,
FA,Blake Bell,TE,,1,,,,,,,,,,,,,,,,
FA,Mike Davis,RB,,1,,,,,,,,,,,,,,,,
FA,MyCole Pruitt,TE,,1,,,,,,,,,,,,,,,,
FA,Brett Hundley,QB,,1,,,,,,,,,,,,,,,,
FA,C.J. Uzomah,TE,,1,,,,,,,,,,,,,,,,
FA,Jesse James,TE,,1,,,,,,,,,,,,,,,,
FA,Nick Boyle,TE,,1,,,,,,,,,,,,,,,,
FA,James O'Shaughnessy,TE,,1,,,,,,,,,,,,,,,,
FA,Geoff Swaim,TE,,1,,,,,,,,,,,,,,,,
FA,Trevor Siemian,QB,,1,,,,,,,,,,,,,,,,
FA,Malcolm Brown,RB,,1,,,,,,,,,,,,,,,,
FA,Josh Lambo,K,,1,,,,,,,,,,,,,,,,
FA,Damiere Byrd,WR,,1,,,,,,,,,,,,,,,,
FA,Taylor Heinicke,QB,,1,,,,,,,,,,,,,,,,
FA,Eric Tomlinson,TE,,1,,,,,,,,,,,,,,,,
FA,Jake Kumerow,WR,,1,,,,,,,,,,,,,,,,
FA,Adam Humphries,WR,,1,,,,,,,,,,,,,,,,
FA,Ezekiel Elliott,RB,,1,,,,,,,,,,,,,,,,
FA,Corey Coleman,WR,,1,,,,,,,,,,,,,,,,
FA,Michael Thomas,WR,,1,,,,,,,,,,,,,,,,
FA,Tyler Boyd,WR,,1,,,,,,,,,,,,,,,,
FA,Kenyan Drake,RB,,1,,,,,,,,,,,,,,,,
FA,Pharoh Cooper,WR,,1,,,,,,,,,,,,,,,,
FA,Tajae Sharpe,WR,,1,,,,,,,,,,,,,,,,
FA,Jordan Howard,RB,,1,,,,,,,,,,,,,,,,
FA,Jonathan Williams,RB,,1,,,,,,,,,,,,,,,,
FA,Kevin Hogan,QB,,1,,,,,,,,,,,,,,,,
FA,Rashard Higgins,WR,,1,,,,,,,,,,,,,,,,
FA,Andy Janovich,RB,,1,,,,,,,,,,,,,,,,
FA,Jakeem Grant,WR,,1,,,,,,,,,,,,,,,,
FA,Nate Sudfeld,QB,,1,,,,,,,,,,,,,,,,
FA,Derek Watt,RB,,1,,,,,,,,,,,,,,,,
FA,Brandon Allen,QB,NYG,1,,,,,,,,,,,,,,,,
FA,Jeff Driskel,QB,,1,,,,,,,,,,,,,,,,
FA,Dwayne Washington,RB,,1,,,,,,,,,,,,,,,,
FA,Robbie Chosen,WR,,1,,,,,,,,,,,,,,,,
FA,Alex Erickson,WR,,1,,,,,,,,,,,,,,,,
FA,Marcus Johnson,WR,,1,,,,,,,,,,,,,,,,
FA,Taylor Bertolet,K,,1,,,,,,,,,,,,,,,,
FA,Stephen Anderson,TE,,1,,,,,,,,,,,,,,,,
FA,Geronimo Allison,WR,,1,,,,,,,,,,,,,,,,
FA,Marken Michel,WR,,1,,,,,,,,,,,,,,,,
FA,Chester Rogers,WR,,1,,,,,,,,,,,,,,,,
FA,Mike Thomas,WR,,1,,,,,,,,,,,,,,,,
FA,J.D. McKissic,RB,,1,,,,,,,,,,,,,,,,
FA,J.P. Holtz,TE,,1,,,,,,,,,,,,,,,,
FA,Aldrick Rosas,K,,1,,,,,,,,,,,,,,,,
FA,C.J. Ham,RB,,1,,,,,,,,,,,,,,,,
FA,Jaydon Mickens,WR,,1,,,,,,,,,,,,,,,,
FA,Garrett Griffin,TE,,1,,,,,,,,,,,,,,,,
FA,Marvin Hall,WR,,1,,,,,,,,,,,,,,,,
FA,Sam Ficken,K,,1,,,,,,,,,,,,,,,,
FA,Leonard Fournette,RB,,1,,,,,,,,,,,,,,,,
FA,Joe Mixon,RB,,1,,,,,,,,,,,,,,,,
FA,Dalvin Cook,RB,,1,,,,,,,,,,,,,,,,
FA,Corey Davis,WR,,1,,,,,,,,,,,,,,,,
FA,John Ross,WR,,1,,,,,,,,,,,,,,,,
FA,Cyril Grayson Jr.,WR,,1,,,,,,,,,,,,,,,,
FA,O.J. Howard,TE,,1,,,,,,,,,,,,,,,,
FA,Davis Webb,QB,,1,,,,,,,,,,,,,,,,
FA,Mike Williams,WR,,1,,,,,,,,,,,,,,,,
FA,Adam Shaheen,TE,,1,,,,,,,,,,,,,,,,
FA,Gerald Everett,TE,,1,,,,,,,,,,,,,,,,
FA,D'Onta Foreman,RB,,1,,,,,,,,,,,,,,,,
FA,C.J. Beathard,QB,,1,,,,,,,,,,,,,,,,
FA,Kenny Golladay,WR,,1,,,,,,,,,,,,,,,,
FA,Dede Westbrook,WR,,1,,,,,,,,,,,,,,,,
FA,Jamaal Williams,RB,,1,,,,,,,,,,,,,,,,
FA,Wayne Gallman,RB,,1,,,,,,,,,,,,,,,,
FA,Marlon Mack,RB,,1,,,,,,,,,,,,,,,,
FA,Tarik Cohen,RB,,1,,,,,,,,,,,,,,,,
FA,Josh Malone,WR,,1,,,,,,,,,,,,,,,,
FA,Nathan Peterman,QB,,1,,,,,,,,,,,,,,,,
FA,Brian Hill,RB,,1,,,,,,,,,,,,,,,,
FA,Isaiah McKenzie,WR,,1,,,,,,,,,,,,,,,,
FA,Jamal Agnew,WR,,1,,,,,,,,,,,,,,,,
FA,Trent Taylor,WR,,1,,,,,,,,,,,,,,,,
FA,Jeremy Sprinkle,TE,,1,,,,,,,,,,,,,,,,
FA,Alex Armah,RB,,1,,,,,,,,,,,,,,,,
FA,Mason Schreck,TE,,1,,,,,,,,,,,,,,,,
FA,Zane Gonzalez,K,MIA,1,,,,,,,,,,,,,,,,
FA,Isaiah Ford,WR,,1,,,,,,,,,,,,,,,,
FA,Zach Pascal,WR,,1,,,,,,,,,,,,,,,,
FA,Darrell Daniels,TE,,1,,,,,,,,,,,,,,,,
FA,Bug Howard,TE,,1,,,,,,,,,,,,,,,,
FA,PJ Walker,QB,,1,,,,,,,,,,,,,,,,
FA,C.J. Board,WR,,1,,,,,,,,,,,,,,,,
FA,Cethan Carter,TE,,1,,,,,,,,,,,,,,,,
FA,Cody Hollister,WR,,1,,,,,,,,,,,,,,,,
FA,Jacob Hollister,TE,,1,,,,,,,,,,,,,,,,
FA,Victor Bolden,WR,,1,,,,,,,,,,,,,,,,
FA,Matt Breida,RB,,1,,,,,,,,,,,,,,,,
FA,Antony Auclair,TE,,1,,,,,,,,,,,,,,,,
FA,Marcus Kemp,WR,,1,,,,,,,,,,,,,,,,
FA,Ricky Seals-Jones,TE,,1,,,,,,,,,,,,,,,,
FA,Tanner Gentry,WR,,1,,,,,,,,,,,,,,,,
FA,Cooper Rush,QB,ATL,1,,,,,,,,,,,,,,,,
FA,Kyle Sloter,QB,,1,,,,,,,,,,,,,,,,
FA,Keelan Cole Sr.,WR,,1,,,,,,,,,,,,,,,,
FA,Colin Thompson,TE,,1,,,,,,,,,,,,,,,,
FA,Corey Clement,RB,,1,,,,,,,,,,,,,,,,
FA,Younghoe Koo,K,,1,,,,,,,,,,,,,,,,
FA,Dan Arnold,TE,,1,,,,,,,,,,,,,,,,
FA,Lance Lenoir,WR,,1,,,,,,,,,,,,,,,,
FA,Greg Ward,WR,,1,,,,,,,,,,,,,,,,
FA,Rashard Davis,WR,,1,,,,,,,,,,,,,,,,
FA,River Cracraft,WR,WAS,1,,,,,,,,,,,,,,,,
FA,Josh Rosen,QB,,1,,,,,,,,,,,,,,,,
FA,Brandon Zylstra,WR,,1,,,,,,,,,,,,,,,,
FA,Rashaad Penny,RB,,1,,,,,,,,,,,,,,,,
FA,Marcell Ateman,WR,,1,,,,,,,,,,,,,,,,
FA,DJ Chark,WR,,1,,,,,,,,,,,,,,,,
FA,Royce Freeman,RB,,1,,,,,,,,,,,,,,,,
FA,Sony Michel,RB,,1,,,,,,,,,,,,,,,,
FA,Hayden Hurst,TE,,1,,,,,,,,,,,,,,,,
FA,Ronald Jones,RB,,1,,,,,,,,,,,,,,,,
FA,Anthony Miller,WR,,1,,,,,,,,,,,,,,,,
FA,James Washington,WR,,1,,,,,,,,,,,,,,,,
FA,Michael Gallup,WR,,1,,,,,,,,,,,,,,,,
FA,Tre'Quan Smith,WR,,1,,,,,,,,,,,,,,,,
FA,Jordan Akins,TE,,1,,,,,,,,,,,,,,,,
FA,Nyheim Hines,RB,,1,,,,,,,,,,,,,,,,
FA,DaeSean Hamilton,WR,,1,,,,,,,,,,,,,,,,
FA,Antonio Callaway,WR,,1,,,,,,,,,,,,,,,,
FA,Chase Edmonds,RB,,1,,,,,,,,,,,,,,,,
FA,Keke Coutee,WR,,1,,,,,,,,,,,,,,,,
FA,Chris Herndon,TE,,1,,,,,,,,,,,,,,,,
FA,John Kelly,RB,,1,,,,,,,,,,,,,,,,
FA,Ray-Ray McCloud III,WR,CHI,1,,,,,,,,,,,,,,,,
FA,Mike White,QB,,1,,,,,,,,,,,,,,,,
FA,Troy Fumagalli,TE,,1,,,,,,,,,,,,,,,,
FA,Jordan Wilkins,RB,,1,,,,,,,,,,,,,,,,
FA,Deon Cain,WR,,1,,,,,,,,,,,,,,,,
FA,Daurice Fountain,WR,,1,,,,,,,,,,,,,,,,
FA,Daniel Carlson,K,,1,,,,,,,,,,,,,,,,
FA,Russell Gage Jr.,WR,,1,,,,,,,,,,,,,,,,
FA,Javon Wims,WR,,1,,,,,,,,,,,,,,,,
FA,Nick Bawden,RB,,1,,,,,,,,,,,,,,,,
FA,Jordan Thomas,TE,,1,,,,,,,,,,,,,,,,
FA,Danny Etling,QB,,1,,,,,,,,,,,,,,,,
FA,Boston Scott,RB,,1,,,,,,,,,,,,,,,,
FA,Trenton Cannon,RB,,1,,,,,,,,,,,,,,,,
FA,Alex McGough,QB,,1,,,,,,,,,,,,,,,,
FA,Austin Proehl,WR,,1,,,,,,,,,,,,,,,,
FA,Logan Woodside,QB,,1,,,,,,,,,,,,,,,,
FA,Auden Tate,WR,,1,,,,,,,,,,,,,,,,
FA,Justin Jackson,RB,,1,,,,,,,,,,,,,,,,
FA,Ryan Izzo,TE,,1,,,,,,,,,,,,,,,,
FA,Keith Kirkwood,WR,,1,,,,,,,,,,,,,,,,
FA,Jason Cabinda,RB,,1,,,,,,,,,,,,,,,,
FA,Richie James,WR,,1,,,,,,,,,,,,,,,,
FA,Trey Quinn,WR,,1,,,,,,,,,,,,,,,,
FA,Kurt Benkert,QB,,1,,,,,,,,,,,,,,,,
FA,Reggie Bonnafon,RB,,1,,,,,,,,,,,,,,,,
FA,Ryan Nall,RB,,1,,,,,,,,,,,,,,,,
FA,Phillip Lindsay,RB,,1,,,,,,,,,,,,,,,,
FA,Kevin Rader,TE,,1,,,,,,,,,,,,,,,,
FA,Michael Badgley,K,,1,,,,,,,,,,,,,,,,
FA,Byron Pringle,WR,,1,,,,,,,,,,,,,,,,
FA,Mike Boone,RB,,1,,,,,,,,,,,,,,,,
FA,Godwin Igwebuike,RB,,1,,,,,,,,,,,,,,,,
FA,Rico Gafford,WR,,1,,,,,,,,,,,,,,,,
FA,David Wells,TE,,1,,,,,,,,,,,,,,,,
FA,Christian Blake,WR,,1,,,,,,,,,,,,,,,,
FA,Devin Gray,WR,,1,,,,,,,,,,,,,,,,
FA,Gus Edwards,RB,,1,,,,,,,,,,,,,,,,
FA,Robert Foster,WR,,1,,,,,,,,,,,,,,,,
FA,Jordan Franks,TE,,1,,,,,,,,,,,,,,,,
FA,Ryan Santoso,K,,1,,,,,,,,,,,,,,,,
FA,Tim Boyle,QB,,1,,,,,,,,,,,,,,,,
FA,Vyncint Smith,WR,,1,,,,,,,,,,,,,,,,
FA,Greg Joseph,K,,1,,,,,,,,,,,,,,,,
FA,Deon Yelder,TE,,1,,,,,,,,,,,,,,,,
FA,Jeff Wilson Jr.,RB,,1,,,,,,,,,,,,,,,,
FA,Ross Dwelley,TE,,1,,,,,,,,,,,,,,,,
FA,Cameron Batson,WR,,1,,,,,,,,,,,,,,,,
FA,Deontay Burnett,WR,,1,,,,,,,,,,,,,,,,
FA,Jordan Veasy,WR,,1,,,,,,,,,,,,,,,,
FA,Equanimeous St. Brown,WR,,1,,,,,,,,,,,,,,,,
FA,J.J. Jones,WR,,1,,,,,,,,,,,,,,,,
FA,Matthew McCrane,K,,1,,,,,,,,,,,,,,,,
FA,Brandon Powell,WR,,1,,,,,,,,,,,,,,,,
FA,Darrel Williams,RB,,1,,,,,,,,,,,,,,,,
FA,Luis Perez,QB,,1,,,,,,,,,,,,,,,,
FA,Chris Lacy,WR,,1,,,,,,,,,,,,,,,,
FA,Cam Sims,WR,,1,,,,,,,,,,,,,,,,
FA,Dontrell Hilliard,RB,,1,,,,,,,,,,,,,,,,
FA,Johnny Stanton IV,RB,,1,,,,,,,,,,,,,,,,
FA,Chad Beebe,WR,,1,,,,,,,,,,,,,,,,
FA,Deontez Alexander,WR,,1,,,,,,,,,,,,,,,,
FA,Jaeden Graham,TE,,1,,,,,,,,,,,,,,,,
FA,KhaDarel Hodge,WR,SF,1,,,,,,,,,,,,,,,,
FA,Malik Turner,WR,SF,1,,,,,,,,,,,,,,,,
FA,John Wolford,QB,,1,,,,,,,,,,,,,,,,
FA,Tristan Vizcaino,K,,1,,,,,,,,,,,,,,,,
FA,Diontae Spencer,WR,,1,,,,,,,,,,,,,,,,
FA,J.J. Arcega-Whiteside,TE,,1,,,,,,,,,,,,,,,,
FA,Ryquell Armstead,RB,,1,,,,,,,,,,,,,,,,
FA,Travis Fulgham,WR,,1,,,,,,,,,,,,,,,,
FA,Myles Gaskin,RB,,1,,,,,,,,,,,,,,,,
FA,Zach Gentry,TE,,1,,,,,,,,,,,,,,,,
FA,Terry Godwin,WR,,1,,,,,,,,,,,,,,,,
FA,Will Grier,QB,,1,,,,,,,,,,,,,,,,
FA,Mecole Hardman Jr.,WR,BUF,1,,,,,,,,,,,,,,,,
FA,Kelvin Harmon,WR,,1,,,,,,,,,,,,,,,,
FA,Damien Harris,RB,,1,,,,,,,,,,,,,,,,
FA,N'Keal Harry,TE,,1,,,,,,,,,,,,,,,,
FA,Penny Hart,WR,,1,,,,,,,,,,,,,,,,
FA,Daniel Helm,TE,,1,,,,,,,,,,,,,,,,
FA,Darrell Henderson Jr.,RB,,1,,,,,,,,,,,,,,,,
FA,Elijah Holyfield,RB,,1,,,,,,,,,,,,,,,,
FA,Jesper Horsted,TE,,1,,,,,,,,,,,,,,,,
FA,Andy Isabella,WR,,1,,,,,,,,,,,,,,,,
FA,Gary Jennings,WR,,1,,,,,,,,,,,,,,,,
FA,KeeSean Johnson,WR,,1,,,,,,,,,,,,,,,,
FA,Bisi Johnson,WR,,1,,,,,,,,,,,,,,,,
FA,Tyron Billy-Johnson,WR,,1,,,,,,,,,,,,,,,,
FA,Alizé Mack,TE,,1,,,,,,,,,,,,,,,,
FA,Trace McSorley,QB,,1,,,,,,,,,,,,,,,,
FA,Stanley Morgan Jr.,WR,,1,,,,,,,,,,,,,,,,
FA,Qadree Ollison,RB,,1,,,,,,,,,,,,,,,,
FA,Devine Ozigbo,RB,,1,,,,,,,,,,,,,,,,
FA,Jacques Patrick,RB,,1,,,,,,,,,,,,,,,,
FA,Hunter Renfrow,WR,,1,,,,,,,,,,,,,,,,
FA,Brett Rypien,QB,HOU,1,,,,,,,,,,,,,,,,
FA,Miles Sanders,RB,,1,,,,,,,,,,,,,,,,
FA,Jaylen Smith,WR,,1,,,,,,,,,,,,,,,,
FA,Kaden Smith,TE,,1,,,,,,,,,,,,,,,,
FA,Irv Smith Jr.,TE,,1,,,,,,,,,,,,,,,,
FA,Benny Snell Jr.,RB,,1,,,,,,,,,,,,,,,,
FA,Jace Sternberger,TE,,1,,,,,,,,,,,,,,,,
FA,Easton Stick,QB,IND,1,,,,,,,,,,,,,,,,
FA,Tommy Sweeney,TE,,1,,,,,,,,,,,,,,,,
FA,Cody Thompson,WR,,1,,,,,,,,,,,,,,,,
FA,Darwin Thompson,RB,,1,,,,,,,,,,,,,,,,
FA,Trevon Wesco,TE,,1,,,,,,,,,,,,,,,,
FA,Antoine Wesley,WR,,1,,,,,,,,,,,,,,,,
FA,Dexter Williams,RB,,1,,,,,,,,,,,,,,,,
FA,Preston Williams,WR,,1,,,,,,,,,,,,,,,,
FA,Trayveon Williams,RB,DET,1,,,,,,,,,,,,,,,,
FA,Parris Campbell,WR,,1,,,,,,,,,,,,,,,,
FA,Kendall Blanton,TE,,1,,,,,,,,,,,,,,,,
FA,Miles Boykin,WR,,1,,,,,,,,,,,,,,,,
FA,Hakeem Butler,TE,DEN,1,,,,,,,,,,,,,,,,
FA,Keelan Doss,WR,,1,,,,,,,,,,,,,,,,
FA,Diontae Johnson,WR,,1,,,,,,,,,,,,,,,,
FA,Jeff Smith,WR,,1,,,,,,,,,,,,,,,,
FA,Jakob Johnson,RB,,1,,,,,,,,,,,,,,,,
FA,Elliott Fry,K,,1,,,,,,,,,,,,,,,,
FA,Ishmael Hyman,WR,,1,,,,,,,,,,,,,,,,
FA,Austin Seibert,K,,1,,,,,,,,,,,,,,,,
FA,Juwann Winfree,WR,HOU,1,,,,,,,,,,,,,,,,
FA,Cullen Gillaspia,RB,,1,,,,,,,,,,,,,,,,
FA,John Lovett,RB,,1,,,,,,,,,,,,,,,,
FA,Matt Sokol,TE,,1,,,,,,,,,,,,,,,,
FA,Brandon Dillon,TE,,1,,,,,,,,,,,,,,,,
FA,Deonte Harty,WR,,1,,,,,,,,,,,,,,,,
FA,Malik Taylor,WR,,1,,,,,,,,,,,,,,,,
FA,Jason Moore,WR,,1,,,,,,,,,,,,,,,,
FA,Matthew Wright,K,,1,,,,,,,,,,,,,,,,
FA,Ian Bunting,TE,,1,,,,,,,,,,,,,,,,
FA,Patrick Laird,RB,,1,,,,,,,,,,,,,,,,
FA,Damarea Crockett,RB,,1,,,,,,,,,,,,,,,,
FA,Trenton Irwin,WR,SF,1,,,,,,,,,,,,,,,,
FA,David Blough,QB,,1,,,,,,,,,,,,,,,,
FA,Stephen Carlson,TE,CHI,1,,,,,,,,,,,,,,,,
FA,Matt Colburn,RB,,1,,,,,,,,,,,,,,,,
FA,Nsimba Webster,WR,,1,,,,,,,,,,,,,,,,
FA,Khari Blasingame,RB,,1,,,,,,,,,,,,,,,,
FA,Davion Davis,WR,,1,,,,,,,,,,,,,,,,
FA,Trinity Benson,WR,,1,,,,,,,,,,,,,,,,
FA,Jody Fortson,TE,,1,,,,,,,,,,,,,,,,
FA,Steven Sims,WR,,1,,,,,,,,,,,,,,,,
FA,Nate Becker,TE,,1,,,,,,,,,,,,,,,,
FA,Jalen Guyton,WR,,1,,,,,,,,,,,,,,,,
FA,D.J. Montgomery,WR,IND,1,,,,,,,,,,,,,,,,
FA,Darrius Shepherd,WR,,1,,,,,,,,,,,,,,,,
FA,Austin Walter,RB,,1,,,,,,,,,,,,,,,,
FA,Chris Myarick,TE,LV,1,,,,,,,,,,,,,,,,
FA,Gunner Olszewski,WR,NYG,1,,,,,,,,,,,,,,,,
FA,Jordan Ta'amu,QB,,1,,,,,,,,,,,,,,,,
FA,Derrick Gore,RB,,1,,,,,,,,,,,,,,,,
FA,Marcus Simms,WR,,1,,,,,,,,,,,,,,,,
FA,Jared Pinkney,TE,,1,,,,,,,,,,,,,,,,
FA,Brycen Hopkins,TE,,1,,,,,,,,,,,,,,,,
FA,Laviska Shenault Jr.,WR,,1,,,,,,,,,,,,,,,,
FA,K.J. Osborn,WR,TEN,1,,,,,,,,,,,,,,,,
FA,Joe Reed,WR,,1,,,,,,,,,,,,,,,,
FA,Nick Bowers,TE,,1,,,,,,,,,,,,,,,,
FA,Binjimen Victor,WR,,1,,,,,,,,,,,,,,,,
FA,Easop Winston,WR,,1,,,,,,,,,,,,,,,,
FA,Trishton Jackson,WR,,1,,,,,,,,,,,,,,,,
FA,Lawrence Cager,TE,WAS,1,,,,,,,,,,,,,,,,
FA,Quintez Cephus,WR,,1,,,,,,,,,,,,,,,,
FA,Collin Johnson,WR,,1,,,,,,,,,,,,,,,,
FA,John Hightower,WR,,1,,,,,,,,,,,,,,,,
FA,Giovanni Ricci,TE,,1,,,,,,,,,,,,,,,,
FA,Bryan Edwards,WR,,1,,,,,,,,,,,,,,,,
FA,Tyrie Cleveland,WR,,1,,,,,,,,,,,,,,,,
FA,Denzel Mims,WR,DAL,1,,,,,,,,,,,,,,,,
FA,Lynn Bowden Jr.,WR,,1,,,,,,,,,,,,,,,,
FA,Tarik Black,WR,DET,1,,,,,,,,,,,,,,,,
FA,Isaiah Zuber,WR,,1,,,,,,,,,,,,,,,,
FA,Marquez Callaway,WR,,1,,,,,,,,,,,,,,,,
FA,Aaron Fuller,WR,,1,,,,,,,,,,,,,,,,
FA,Chase Claypool,WR,,1,,,,,,,,,,,,,,,,
FA,Tyler Vaughns,WR,,1,,,,,,,,,,,,,,,,
FA,Donovan Peoples-Jones,WR,,1,,,,,,,,,,,,,,,,
FA,KJ Hamler,WR,,1,,,,,,,,,,,,,,,,
FA,Jason Huntley,RB,,1,,,,,,,,,,,,,,,,
FA,JaMycal Hasty,RB,NE,1,,,,,,,,,,,,,,,,
FA,Devin Asiasi,TE,,1,,,,,,,,,,,,,,,,
FA,Eno Benjamin,RB,,1,,,,,,,,,,,,,,,,
FA,Tony Jones,RB,,1,,,,,,,,,,,,,,,,
FA,Joshua Kelley,RB,,1,,,,,,,,,,,,,,,,
FA,Larry Rountree III,RB,,1,,,,,,,,,,,,,,,,
FA,Sean McKeon,TE,,1,,,,,,,,,,,,,,,,
FA,Jonathan Ward,RB,BAL,1,,,,,,,,,,,,,,,,
FA,Zack Moss,RB,,1,,,,,,,,,,,,,,,,
FA,Ke'Shawn Vaughn,RB,,1,,,,,,,,,,,,,,,,
FA,Darius Anderson,RB,,1,,,,,,,,,,,,,,,,
FA,Albert Okwuegbunam Jr.,TE,LV,1,,,,,,,,,,,,,,,,
FA,Noah Togiai,TE,,1,,,,,,,,,,,,,,,,
FA,La'Mical Perine,RB,,1,,,,,,,,,,,,,,,,
FA,Josiah Deguara,TE,SF,1,,,,,,,,,,,,,,,,
FA,Mitchell Wilcox,TE,,1,,,,,,,,,,,,,,,,
FA,Trey Sermon,RB,ATL,1,,,,,,,,,,,,,,,,
FA,Dalton Keene,TE,,1,,,,,,,,,,,,,,,,
FA,Steven Montez,QB,,1,,,,,,,,,,,,,,,,
FA,Jake Luton,QB,,1,,,,,,,,,,,,,,,,
FA,Sam Ehlinger,QB,DEN,1,,,,,,,,,,,,,,,,
FA,Kellen Mond,QB,,1,,,,,,,,,,,,,,,,
FA,Bryce Perkins,QB,,1,,,,,,,,,,,,,,,,
FA,Jacob Eason,QB,,1,,,,,,,,,,,,,,,,
FA,Patrick Taylor Jr.,RB,SF,1,,,,,,,,,,,,,,,,
FA,Spencer Brown,RB,,1,,,,,,,,,,,,,,,,
FA,Darius Bradwell,RB,,1,,,,,,,,,,,,,,,,
FA,Jake Fromm,QB,,1,,,,,,,,,,,,,,,,
FA,J.J. Taylor,RB,,1,,,,,,,,,,,,,,,,
FA,Xavier Jones,RB,,1,,,,,,,,,,,,,,,,
FA,Kylin Hill,RB,,1,,,,,,,,,,,,,,,,
FA,Darrynton Evans,RB,,1,,,,,,,,,,,,,,,,
FA,Caleb Huntley,RB,,1,,,,,,,,,,,,,,,,
FA,Anthony McFarland Jr.,RB,,1,,,,,,,,,,,,,,,,
FA,Raymond Calais,RB,,1,,,,,,,,,,,,,,,,
FA,Austin Mack,WR,,1,,,,,,,,,,,,,,,,
FA,Chase Allen,TE,,1,,,,,,,,,,,,,,,,
FA,Stephen Sullivan,TE,,1,,,,,,,,,,,,,,,,
FA,Chris Streveler,QB,,1,,,,,,,,,,,,,,,,
FA,Thaddeus Moss,TE,,1,,,,,,,,,,,,,,,,
FA,Quez Watkins,WR,PHI,1,,,,,,,,,,,,,,,,
FA,Dezmon Patmon,WR,,1,,,,,,,,,,,,,,,,
FA,Freddie Swain,WR,,1,,,,,,,,,,,,,,,,
FA,Omar Bayless,WR,,1,,,,,,,,,,,,,,,,
FA,James Morgan,QB,,1,,,,,,,,,,,,,,,,
FA,Chris Finke,WR,,1,,,,,,,,,,,,,,,,
FA,Isaiah Coulter,WR,,1,,,,,,,,,,,,,,,,
FA,Aaron Parker,WR,,1,,,,,,,,,,,,,,,,
FA,James Robinson,RB,,1,,,,,,,,,,,,,,,,
FA,Rodrigo Blankenship,K,,1,,,,,,,,,,,,,,,,
FA,Eli Wolf,TE,,1,,,,,,,,,,,,,,,,
FA,Lirim Hajrullahu,K,,1,,,,,,,,,,,,,,,,
FA,Ty'Son Williams,RB,,1,,,,,,,,,,,,,,,,
FA,Derrick Dillon,WR,,1,,,,,,,,,,,,,,,,
FA,Ramiz Ahmed,K,,1,,,,,,,,,,,,,,,,
FA,Tyler Davis,TE,,1,,,,,,,,,,,,,,,,
FA,Ben DiNucci,QB,,1,,,,,,,,,,,,,,,,
FA,Reid Sinnett,QB,,1,,,,,,,,,,,,,,,,
FA,Juwan Green,WR,,1,,,,,,,,,,,,,,,,
FA,Jaylon Moore,WR,,1,,,,,,,,,,,,,,,,
FA,Antonio Williams,RB,,1,,,,,,,,,,,,,,,,
FA,Kendall Hinton,WR,,1,,,,,,,,,,,,,,,,
FA,Andre Baccellia,WR,,1,,,,,,,,,,,,,,,,
FA,Maurice Ffrench,WR,,1,,,,,,,,,,,,,,,,
FA,Scotty Washington,WR,,1,,,,,,,,,,,,,,,,
FA,Ja'Marcus Bradley,WR,,1,,,,,,,,,,,,,,,,
FA,DeMichael Harris,WR,,1,,,,,,,,,,,,,,,,
FA,Josh Hammond,WR,,1,,,,,,,,,,,,,,,,
FA,Ben Ellefson,TE,,1,,,,,,,,,,,,,,,,
FA,Dominik Eberle,K,,1,,,,,,,,,,,,,,,,
FA,Gabe Nabers,RB,,1,,,,,,,,,,,,,,,,
FA,Jeff Cotton,WR,,1,,,,,,,,,,,,,,,,
FA,J.J. Koski,WR,,1,,,,,,,,,,,,,,,,
FA,Kirk Merritt,WR,,1,,,,,,,,,,,,,,,,
FA,Matt Cole,WR,,1,,,,,,,,,,,,,,,,
FA,Dan Chisena,WR,CAR,1,,,,,,,,,,,,,,,,
FA,Jake Bargas,RB,,1,,,,,,,,,,,,,,,,
FA,Nakia Griffin-Stewart,TE,,1,,,,,,,,,,,,,,,,
FA,Case Cookus,QB,,1,,,,,,,,,,,,,,,,
FA,Rysen John,TE,,1,,,,,,,,,,,,,,,,
FA,Sandro Platzgummer,RB,,1,,,,,,,,,,,,,,,,
FA,Josh Hokit,RB,,1,,,,,,,,,,,,,,,,
FA,Tyler Mabry,TE,,1,,,,,,,,,,,,,,,,
FA,Kristian Wilkerson,WR,,1,,,,,,,,,,,,,,,,
FA,Tommy Hudson,TE,,1,,,,,,,,,,,,,,,,
FA,Nathan Cottrell,RB,,1,,,,,,,,,,,,,,,,
FA,Paul Quessenberry,TE,,1,,,,,,,,,,,,,,,,
FA,Dominique Dafney,TE,,1,,,,,,,,,,,,,,,,
FA,Chris Blair,WR,ATL,1,,,,,,,,,,,,,,,,
FA,Kyle Trask,QB,CAR,1,,,,,,,,,,,,,,,,
FA,Ian Book,QB,,1,,,,,,,,,,,,,,,,
FA,K.J. Costello,QB,,1,,,,,,,,,,,,,,,,
FA,Dustin Crum,QB,,1,,,,,,,,,,,,,,,,
FA,Tre' McKitty,TE,,1,,,,,,,,,,,,,,,,
FA,Tony Poljan,TE,,1,,,,,,,,,,,,,,,,
FA,Kenny Yeboah,TE,ARI,1,,,,,,,,,,,,,,,,
FA,Peyton Hendershot,TE,,1,,,,,,,,,,,,,,,,
FA,Matt Bushman,TE,,1,,,,,,,,,,,,,,,,
FA,Nick Eubanks,TE,,1,,,,,,,,,,,,,,,,
FA,Miller Forristall,TE,,1,,,,,,,,,,,,,,,,
FA,A.J. Rose,RB,,1,,,,,,,,,,,,,,,,
FA,CJ Verdell,RB,,1,,,,,,,,,,,,,,,,
FA,D'Vonte Price,RB,,1,,,,,,,,,,,,,,,,
FA,De'Montre Tuggle,RB,,1,,,,,,,,,,,,,,,,
FA,Deandre Torrey,RB,,1,,,,,,,,,,,,,,,,
FA,Demetric Felton,RB,,1,,,,,,,,,,,,,,,,
FA,C.J. Marable,RB,,1,,,,,,,,,,,,,,,,
FA,Trey Ragas,RB,,1,,,,,,,,,,,,,,,,
FA,Stevie Scott III,RB,,1,,,,,,,,,,,,,,,,
FA,Pooka Williams Jr.,WR,,1,,,,,,,,,,,,,,,,
FA,Gerrid Doaks,RB,,1,,,,,,,,,,,,,,,,
FA,Greg Bell,RB,,1,,,,,,,,,,,,,,,,
FA,Master Teague,RB,,1,,,,,,,,,,,,,,,,
FA,Jermar Jefferson,RB,MIN,1,,,,,,,,,,,,,,,,
FA,Keaontay Ingram,RB,,1,,,,,,,,,,,,,,,,
FA,Kennedy Brooks,RB,,1,,,,,,,,,,,,,,,,
FA,Khalil Herbert,RB,,1,,,,,,,,,,,,,,,,
FA,Cade Johnson,WR,,1,,,,,,,,,,,,,,,,
FA,Cornell Powell,WR,PIT,1,,,,,,,,,,,,,,,,
FA,Dax Milne,WR,,1,,,,,,,,,,,,,,,,
FA,Dazz Newsome,WR,,1,,,,,,,,,,,,,,,,
FA,Amari Rodgers,WR,,1,,,,,,,,,,,,,,,,
FA,Anthony Schwartz,WR,,1,,,,,,,,,,,,,,,,
FA,Austin Watkins Jr.,WR,,1,,,,,,,,,,,,,,,,
FA,Dez Fitzpatrick,WR,,1,,,,,,,,,,,,,,,,
FA,Emeka Emezie,WR,,1,,,,,,,,,,,,,,,,
FA,Frank Darby,WR,,1,,,,,,,,,,,,,,,,
FA,Ihmir Smith-Marsette,WR,ARI,1,,,,,,,,,,,,,,,,
FA,Jaelon Darden,WR,,1,,,,,,,,,,,,,,,,
FA,Johnny Johnson III,WR,,1,,,,,,,,,,,,,,,,
FA,Ty Fryfogle,WR,,1,,,,,,,,,,,,,,,,
FA,Warren Jackson,WR,,1,,,,,,,,,,,,,,,,
FA,Sage Surratt,TE,,1,,,,,,,,,,,,,,,,
FA,Seth Williams,WR,,1,,,,,,,,,,,,,,,,
FA,Shi Smith,WR,,1,,,,,,,,,,,,,,,,
FA,T.J. Vasher,WR,,1,,,,,,,,,,,,,,,,
FA,Tre Nixon,WR,,1,,,,,,,,,,,,,,,,
FA,Kadarius Toney,WR,,1,,,,,,,,,,,,,,,,
FA,Kawaan Baker,WR,,1,,,,,,,,,,,,,,,,
FA,Kaylon Geiger,WR,,1,,,,,,,,,,,,,,,,
FA,Marquez Stevenson,WR,,1,,,,,,,,,,,,,,,,
FA,Mike Harley Jr.,WR,,1,,,,,,,,,,,,,,,,
FA,Mike Strachan,WR,,1,,,,,,,,,,,,,,,,
FA,Racey McMath,WR,,1,,,,,,,,,,,,,,,,
FA,Reggie Roberson Jr.,WR,,1,,,,,,,,,,,,,,,,
FA,Rondale Moore,WR,,1,,,,,,,,,,,,,,,,
FA,Ronnie Bell,WR,NO,1,,,,,,,,,,,,,,,,
FA,Blake Proehl,WR,,1,,,,,,,,,,,,,,,,
FA,Myron Mitchell,WR,,1,,,,,,,,,,,,,,,,
FA,Jalen Camp,WR,,1,,,,,,,,,,,,,,,,
FA,Brandon Smith,WR,PIT,1,,,,,,,,,,,,,,,,
FA,Dillon Stoner,WR,,1,,,,,,,,,,,,,,,,
FA,DJ Turner,WR,,1,,,,,,,,,,,,,,,,
FA,Simi Fehoko,WR,ARI,1,,,,,,,,,,,,,,,,
FA,Chris Evans,RB,,1,,,,,,,,,,,,,,,,
FA,JaQuan Hardy,RB,,1,,,,,,,,,,,,,,,,
FA,Josh Johnson,RB,,1,,,,,,,,,,,,,,,,
FA,Shaun Beyer,TE,,1,,,,,,,,,,,,,,,,
FA,Dylan Soehner,TE,,1,,,,,,,,,,,,,,,,
FA,Briley Moore,TE,,1,,,,,,,,,,,,,,,,
FA,Hunter Kampmoyer,TE,,1,,,,,,,,,,,,,,,,
FA,Zach Davidson,TE,,1,,,,,,,,,,,,,,,,
FA,Gary Brightwell,RB,CIN,1,,,,,,,,,,,,,,,,
FA,Deon Jackson,RB,,1,,,,,,,,,,,,,,,,
FA,Mekhi Sargent,RB,,1,,,,,,,,,,,,,,,,
FA,Jake Funk,RB,,1,,,,,,,,,,,,,,,,
FA,Connor Wedington,WR,,1,,,,,,,,,,,,,,,,
FA,Jacob Harris,WR,,1,,,,,,,,,,,,,,,,
FA,Terrace Marshall Jr.,WR,MIA,1,,,,,,,,,,,,,,,,
FA,Matt Ammendola,K,,1,,,,,,,,,,,,,,,,
FA,Jose Borregales,K,,1,,,,,,,,,,,,,,,,
FA,Tory Carter,RB,,1,,,,,,,,,,,,,,,,
FA,Dai'Jean Dixon,WR,,1,,,,,,,,,,,,,,,,
FA,Ben Mason,RB,,1,,,,,,,,,,,,,,,,
FA,Mathew Sexton,WR,,1,,,,,,,,,,,,,,,,
FA,Sammis Reyes,TE,,1,,,,,,,,,,,,,,,,
FA,Avery Williams,RB,,1,,,,,,,,,,,,,,,,
FA,Josh Pederson,TE,,1,,,,,,,,,,,,,,,,
FA,B.J. Emmons,RB,,1,,,,,,,,,,,,,,,,
FA,Bailey Gaither,WR,,1,,,,,,,,,,,,,,,,
FA,Austin Trammell,WR,JAX,1,,,,,,,,,,,,,,,,
FA,Landen Akers,WR,,1,,,,,,,,,,,,,,,,
FA,John Raine,TE,,1,,,,,,,,,,,,,,,,
FA,Nate McCrary,RB,,1,,,,,,,,,,,,,,,,
FA,Jake Hausmann,TE,,1,,,,,,,,,,,,,,,,
FA,Bernhard Seikovits,TE,,1,,,,,,,,,,,,,,,,
FA,Quinn Nordin,K,,1,,,,,,,,,,,,,,,,
FA,Nick Guggemos,TE,,1,,,,,,,,,,,,,,,,
FA,C.J. Saunders,WR,,1,,,,,,,,,,,,,,,,
FA,Jake Verity,K,,1,,,,,,,,,,,,,,,,
FA,Travis Toivonen,WR,,1,,,,,,,,,,,,,,,,
FA,Parker Hesse,TE,,1,,,,,,,,,,,,,,,,
FA,Sal Cannella,TE,,1,,,,,,,,,,,,,,,,
FA,Michael Jacobson,TE,,1,,,,,,,,,,,,,,,,
FA,DJ Uiagalelei,QB,LAC,1,,,,,,,,,,,,,,,,
FA,Jalen Wydermyer,TE,,1,,,,,,,,,,,,,,,,
FA,Ainias Smith,WR,,1,,,,,,,,,,,,,,,,
FA,Cornelius Johnson,WR,BAL,1,,,,,,,,,,,,,,,,
FA,David Bell,WR,,1,,,,,,,,,,,,,,,,
FA,Jadon Haselwood,WR,,1,,,,,,,,,,,,,,,,
FA,Jaquarii Roberson,WR,,1,,,,,,,,,,,,,,,,
FA,Joseph Ngata,WR,,1,,,,,,,,,,,,,,,,
FA,Justyn Ross,WR,,1,,,,,,,,,,,,,,,,
FA,Kearis Jackson,WR,,1,,,,,,,,,,,,,,,,
FA,Rakim Jarrett,WR,,1,,,,,,,,,,,,,,,,
FA,Tyrion Davis-Price,RB,,1,,,,,,,,,,,,,,,,
FA,Zach Evans,RB,,1,,,,,,,,,,,,,,,,
FA,Carson Strong,QB,,1,,,,,,,,,,,,,,,,
FA,Kedon Slovis,QB,ARI,1,,,,,,,,,,,,,,,,
FA,Matt Corral,QB,,1,,,,,,,,,,,,,,,,
FA,Austin Jones,RB,,1,,,,,,,,,,,,,,,,
FA,Chip Trayanum,RB,NYJ,1,,,,,,,,,,,,,,,,
FA,Isaiah Spiller,RB,,1,,,,,,,,,,,,,,,,
FA,Sincere McCormick,RB,SF,1,,,,,,,,,,,,,,,,
FA,Jase McClellan,RB,,1,,,,,,,,,,,,,,,,
FA,SaRodorick Thompson Jr.,RB,,1,,,,,,,,,,,,,,,,
FA,Noah Cain,RB,,1,,,,,,,,,,,,,,,,
FA,Mohamed Ibrahim,RB,,1,,,,,,,,,,,,,,,,
FA,Max Borghi,RB,,1,,,,,,,,,,,,,,,,
FA,Kendall Milton,RB,CIN,1,,,,,,,,,,,,,,,,
FA,T.J. Pledger,RB,,1,,,,,,,,,,,,,,,,
FA,Leddie Brown,RB,,1,,,,,,,,,,,,,,,,
FA,Kevin Marks Jr.,RB,,1,,,,,,,,,,,,,,,,
FA,Charleston Rambo,WR,,1,,,,,,,,,,,,,,,,
FA,Devon Williams,WR,,1,,,,,,,,,,,,,,,,
FA,Dorian Thompson-Robinson,QB,,1,,,,,,,,,,,,,,,,
FA,Emory Jones,QB,,1,,,,,,,,,,,,,,,,
FA,Jack Coan,QB,,1,,,,,,,,,,,,,,,,
FA,Travis Dye,RB,,1,,,,,,,,,,,,,,,,
FA,Jake Haener,QB,NYG,1,,,,,,,,,,,,,,,,
FA,Dontario Drummond,WR,,1,,,,,,,,,,,,,,,,
FA,Snoop Conner,RB,,1,,,,,,,,,,,,,,,,
FA,Bailey Zappe,QB,NYJ,1,,,,,,,,,,,,,,,,
FA,Jaivon Heiligh,WR,,1,,,,,,,,,,,,,,,,
FA,Hassan Haskins,RB,NE,1,,,,,,,,,,,,,,,,
FA,Slade Bolden,WR,,1,,,,,,,,,,,,,,,,
FA,B.J. Baylor,RB,,1,,,,,,,,,,,,,,,,
FA,Stanley Berryhill,WR,,1,,,,,,,,,,,,,,,,
FA,Gabe Brkic,K,,1,,,,,,,,,,,,,,,,
FA,Raheem Blackshear,RB,DET,1,,,,,,,,,,,,,,,,
FA,Jashaun Corbin,RB,DAL,1,,,,,,,,,,,,,,,,
FA,Jerrion Ealy,WR,,1,,,,,,,,,,,,,,,,
FA,Erik Ezukanma,WR,PHI,1,,,,,,,,,,,,,,,,
FA,Cole Fotheringham,TE,,1,,,,,,,,,,,,,,,,
FA,Jerreth Sterns,WR,,1,,,,,,,,,,,,,,,,
FA,Tyler Snead,WR,,1,,,,,,,,,,,,,,,,
FA,Kevin Harris,RB,,1,,,,,,,,,,,,,,,,
FA,Makai Polk,WR,,1,,,,,,,,,,,,,,,,
FA,Ricky Person Jr.,RB,,1,,,,,,,,,,,,,,,,
FA,Neil Pau'u,WR,,1,,,,,,,,,,,,,,,,
FA,Nikola Kalinic,TE,,1,,,,,,,,,,,,,,,,
FA,DeVonte Dedmon,WR,,1,,,,,,,,,,,,,,,,
FA,Jeremiah Hall,RB,,1,,,,,,,,,,,,,,,,
FA,Braylon Sanders,WR,,1,,,,,,,,,,,,,,,,
FA,ZaQuandre White,RB,,1,,,,,,,,,,,,,,,,
FA,Kyle Philips,WR,,1,,,,,,,,,,,,,,,,
FA,Dontay Demus Jr.,WR,,1,,,,,,,,,,,,,,,,
FA,Jalen Moreno-Cropper,WR,NO,1,,,,,,,,,,,,,,,,
FA,Michael Woods II,WR,,1,,,,,,,,,,,,,,,,
FA,Trestan Ebner,RB,,1,,,,,,,,,,,,,,,,
FA,D'Eriq King,QB,,1,,,,,,,,,,,,,,,,
FA,E.J. Perry,QB,,1,,,,,,,,,,,,,,,,
FA,Skylar Thompson,QB,BAL,1,,,,,,,,,,,,,,,,
FA,Abram Smith,RB,,1,,,,,,,,,,,,,,,,
FA,Josh Johnson,WR,,1,,,,,,,,,,,,,,,,
FA,Isaiah Weston,WR,,1,,,,,,,,,,,,,,,,
FA,Curtis Hodges,TE,,1,,,,,,,,,,,,,,,,
FA,Danny Gray,WR,PHI,1,,,,,,,,,,,,,,,,
FA,Derrick Deese Jr.,TE,,1,,,,,,,,,,,,,,,,
FA,Devon Allen,WR,,1,,,,,,,,,,,,,,,,
FA,Chase Garbers,QB,,1,,,,,,,,,,,,,,,,
FA,Montrell Washington,WR,,1,,,,,,,,,,,,,,,,
FA,Nick Muse,TE,ATL,1,,,,,,,,,,,,,,,,
FA,Samori Toure,WR,PHI,1,,,,,,,,,,,,,,,,
FA,Zander Horvath,RB,,1,,,,,,,,,,,,,,,,
FA,Seth Green,TE,,1,,,,,,,,,,,,,,,,
FA,Jalen Virgil,WR,,1,,,,,,,,,,,,,,,,
FA,Anthony Brown,QB,,1,,,,,,,,,,,,,,,,
FA,Kekoa Crawford,WR,,1,,,,,,,,,,,,,,,,
FA,Caleb Shudak,K,,1,,,,,,,,,,,,,,,,
FA,Tay Martin,WR,DET,1,,,,,,,,,,,,,,,,
FA,Thomas Hennigan,WR,,1,,,,,,,,,,,,,,,,
FA,Bryant Koback,RB,,1,,,,,,,,,,,,,,,,
FA,Shermari Jones,RB,,1,,,,,,,,,,,,,,,,
FA,Travell Harris,WR,,1,,,,,,,,,,,,,,,,
FA,Samson Nacua,WR,,1,,,,,,,,,,,,,,,,
FA,Brandon Peters,QB,,1,,,,,,,,,,,,,,,,
FA,James McCourt,K,,1,,,,,,,,,,,,,,,,
FA,Michael Young Jr.,WR,,1,,,,,,,,,,,,,,,,
FA,Tayon Fleet-Davis,RB,,1,,,,,,,,,,,,,,,,
FA,Mataeo Durant,RB,,1,,,,,,,,,,,,,,,,
FA,Justin Rigg,TE,,1,,,,,,,,,,,,,,,,
FA,Jequez Ezzard,WR,,1,,,,,,,,,,,,,,,,
FA,Rodney Williams,TE,,1,,,,,,,,,,,,,,,,
FA,Aaron Shampklin,RB,,1,,,,,,,,,,,,,,,,
FA,Dennis Houston,WR,TB,1,,,,,,,,,,,,,,,,
FA,Parker Romo,K,,1,,,,,,,,,,,,,,,,
FA,Tanner Conner,TE,NYG,1,,,,,,,,,,,,,,,,
FA,Jared Bernhardt,WR,,1,,,,,,,,,,,,,,,,
FA,Deven Thompkins,WR,LV,1,,,,,,,,,,,,,,,,
FA,Tyshaun James,WR,,1,,,,,,,,,,,,,,,,
FA,Erik Krommenhoek,TE,,1,,,,,,,,,,,,,,,,
FA,Drew Estrada,WR,,1,,,,,,,,,,,,,,,,
FA,Brandon Johnson,WR,LV,1,,,,,,,,,,,,,,,,
FA,Dylan Parham,TE,,1,,,,,,,,,,,,,,,,
FA,Tyreik McAllister,WR,,1,,,,,,,,,,,,,,,,
FA,Ra'Shaun Henry,WR,,1,,,,,,,,,,,,,,,,
FA,Davis Cheek,QB,,1,,,,,,,,,,,,,,,,
FA,John Lovett,RB,,1,,,,,,,,,,,,,,,,
FA,Josh Babicz,TE,,1,,,,,,,,,,,,,,,,
FA,Derek Wright,WR,,1,,,,,,,,,,,,,,,,
FA,Kevin Shaa,WR,,1,,,,,,,,,,,,,,,,
FA,Ben Beise,TE,,1,,,,,,,,,,,,,,,,
FA,JaVonta Payton,WR,,1,,,,,,,,,,,,,,,,
FA,Kalil Pimpleton,WR,,1,,,,,,,,,,,,,,,,
FA,Trevon Bradford,WR,,1,,,,,,,,,,,,,,,,
FA,Kyric McGowan,WR,,1,,,,,,,,,,,,,,,,
FA,Austin Allen,TE,,1,,,,,,,,,,,,,,,,
FA,Daylen Baldwin,WR,,1,,,,,,,,,,,,,,,,
FA,Gerrit Prince,TE,,1,,,,,,,,,,,,,,,,
FA,Danny Davis,WR,,1,,,,,,,,,,,,,,,,
FA,Marcus Santos-Silva,TE,,1,,,,,,,,,,,,,,,,
FA,Armani Rogers,TE,,1,,,,,,,,,,,,,,,,
FA,Chris Pierce,TE,,1,,,,,,,,,,,,,,,,
FA,Grayson Gunter,TE,,1,,,,,,,,,,,,,,,,
FA,Jontre Kirklin,WR,,1,,,,,,,,,,,,,,,,
FA,Lujuan Winningham,WR,,1,,,,,,,,,,,,,,,,
FA,Thomas Odukoya,TE,,1,,,,,,,,,,,,,,,,
FA,Shemar Bridges,WR,,1,,,,,,,,,,,,,,,,
FA,Kwamie Lassiter II,WR,,1,,,,,,,,,,,,,,,,
FA,Kaden Davis,WR,CHI,1,,,,,,,,,,,,,,,,
FA,Nolan Givan,TE,,1,,,,,,,,,,,,,,,,
FA,Justin Hall,WR,,1,,,,,,,,,,,,,,,,
FA,Jamal Pettigrew,TE,,1,,,,,,,,,,,,,,,,
FA,Keshunn Abram,WR,,1,,,,,,,,,,,,,,,,
FA,Brandon Lewis,WR,,1,,,,,,,,,,,,,,,,
FA,Roger Carter Jr.,TE,,1,,,,,,,,,,,,,,,,
FA,Irv Charles,WR,SEA,1,,,,,,,,,,,,,,,,
FA,Lance McCutcheon,WR,TEN,1,,,,,,,,,,,,,,,,
FA,Cade Brewer,TE,,1,,,,,,,,,,,,,,,,
FA,Raleigh Webb,WR,,1,,,,,,,,,,,,,,,,
FA,Calvin Jackson,WR,,1,,,,,,,,,,,,,,,,
FA,Kendric Pryor,WR,CIN,1,,,,,,,,,,,,,,,,
FA,Jack Sorenson,WR,,1,,,,,,,,,,,,,,,,
FA,Ethan Fernea,WR,,1,,,,,,,,,,,,,,,,
FA,Troy Hairston,RB,,1,,,,,,,,,,,,,,,,
FA,Kevin Kassis,WR,,1,,,,,,,,,,,,,,,,
FA,Jared Scott,TE,,1,,,,,,,,,,,,,,,,
FA,Willie Johnson,WR,,1,,,,,,,,,,,,,,,,
FA,Nick Sciba,K,,1,,,,,,,,,,,,,,,,
FA,Ryan McDaniel,WR,,1,,,,,,,,,,,,,,,,
FA,Kameron Brown,WR,,1,,,,,,,,,,,,,,,,
FA,JJ Howland,TE,,1,,,,,,,,,,,,,,,,
FA,Jarrett Guarantano,QB,,1,,,,,,,,,,,,,,,,
FA,Drew Plitt,QB,,1,,,,,,,,,,,,,,,,
FA,Maurice Alexander,WR,CHI,1,,,,,,,,,,,,,,,,
FA,Josh Ali,WR,,1,,,,,,,,,,,,,,,,
FA,Lucas Havrisik,K,,1,,,,,,,,,,,,,,,,
FA,Hendon Hooker,QB,TEN,1,,,,,,,,,,,,,,,,
FA,Clint Ratkovich,RB,,1,,,,,,,,,,,,,,,,
FA,Brayden Willis,TE,SF,1,,,,,,,,,,,,,,,,
FA,Jaren Hall,QB,,1,,,,,,,,,,,,,,,,
FA,Jalen Wayne,WR,,1,,,,,,,,,,,,,,,,
FA,Max Duggan,QB,,1,,,,,,,,,,,,,,,,
FA,Devin Carter,WR,,1,,,,,,,,,,,,,,,,
FA,Bryce Ford-Wheaton,WR,,1,,,,,,,,,,,,,,,,
FA,Evan Hull,RB,ARI,1,,,,,,,,,,,,,,,,
FA,DeWayne McBride,RB,,1,,,,,,,,,,,,,,,,
FA,Lew Nichols,RB,PIT,1,,,,,,,,,,,,,,,,
FA,Trey Palmer,WR,NO,1,,,,,,,,,,,,,,,,
FA,Tyler Scott,WR,LAR,1,,,,,,,,,,,,,,,,
FA,Justin Shorter,WR,LV,1,,,,,,,,,,,,,,,,
FA,Nathan Rourke,QB,,1,,,,,,,,,,,,,,,,
FA,Malik Cunningham,WR,DET,1,,,,,,,,,,,,,,,,
FA,Khalan Laborn,RB,,1,,,,,,,,,,,,,,,,
FA,Antoine Green,WR,,1,,,,,,,,,,,,,,,,
FA,Daniel Arias,WR,,1,,,,,,,,,,,,,,,,
FA,Alfonzo Graham,RB,,1,,,,,,,,,,,,,,,,
FA,Jordan Mims,RB,,1,,,,,,,,,,,,,,,,
FA,Toa Taua,RB,,1,,,,,,,,,,,,,,,,
FA,Wayne Taulapapa,RB,,1,,,,,,,,,,,,,,,,
FA,Tyler Hudson,WR,,1,,,,,,,,,,,,,,,,
FA,Duece Watts,WR,,1,,,,,,,,,,,,,,,,
FA,Mac Hippenhammer,WR,,1,,,,,,,,,,,,,,,,
FA,Grant DuBose,WR,,1,,,,,,,,,,,,,,,,
FA,Izaiah Gathings,WR,,1,,,,,,,,,,,,,,,,
FA,Shaquan Davis,WR,,1,,,,,,,,,,,,,,,,
FA,Jacob Copeland,WR,,1,,,,,,,,,,,,,,,,
FA,Malik Knowles,WR,,1,,,,,,,,,,,,,,,,
FA,Daewood Davis,WR,,1,,,,,,,,,,,,,,,,
FA,Jason Brownlee,WR,KC,1,,,,,,,,,,,,,,,,
FA,A.T. Perry,WR,,1,,,,,,,,,,,,,,,,
FA,Malik Heath,WR,,1,,,,,,,,,,,,,,,,
FA,Leonard Taylor,TE,,1,,,,,,,,,,,,,,,,
FA,Deneric Prince,RB,,1,,,,,,,,,,,,,,,,
FA,Anders Carlson,K,,1,,,,,,,,,,,,,,,,
FA,Jack Colletto,RB,,1,,,,,,,,,,,,,,,,
FA,Noah Gindorff,TE,,1,,,,,,,,,,,,,,,,
FA,Jaray Jenkins,WR,,1,,,,,,,,,,,,,,,,
FA,Matt Landers,WR,,1,,,,,,,,,,,,,,,,
FA,Camerun Peoples,RB,,1,,,,,,,,,,,,,,,,
FA,Jack Podlesny,K,,1,,,,,,,,,,,,,,,,
FA,B.T. Potter,K,TB,1,,,,,,,,,,,,,,,,
FA,Scott Matlock,RB,LAC,1,,,,,,,,,,,,,,,,
FA,David Durden,WR,,1,,,,,,,,,,,,,,,,
FA,Xazavian Valladay,RB,,1,,,,,,,,,,,,,,,,
FA,Ronnie Brown,RB,,1,,,,,,,,,,,,,,,,
FA,Ryan Miller,WR,NYG,1,,,,,,,,,,,,,,,,
FA,Xavier Gipson,WR,NYG,1,,,,,,,,,,,,,,,,
FA,Sean Clifford,QB,CIN,1,,,,,,,,,,,,,,,,
FA,Colton Dowell,WR,,1,,,,,,,,,,,,,,,,
FA,Derek Parish,TE,,1,,,,,,,,,,,,,,,,
FA,Shae Wyatt,WR,,1,,,,,,,,,,,,,,,,
FA,Robert Burns,RB,,1,,,,,,,,,,,,,,,,
FA,Jalen Sample,WR,,1,,,,,,,,,,,,,,,,
FA,Hassan Hall,RB,,1,,,,,,,,,,,,,,,,
FA,Camren McDonald,TE,,1,,,,,,,,,,,,,,,,
FA,Darius Hagans,RB,,1,,,,,,,,,,,,,,,,
FA,Kade Warner,WR,,1,,,,,,,,,,,,,,,,
FA,Ty Scott,WR,,1,,,,,,,,,,,,,,,,
FA,Tanner Taula,TE,,1,,,,,,,,,,,,,,,,
FA,Tyjon Lindsey,WR,,1,,,,,,,,,,,,,,,,
FA,Joel Wilson,TE,TEN,1,,,,,,,,,,,,,,,,
FA,Justin Marshall,WR,,1,,,,,,,,,,,,,,,,
FA,Ronald Awatt,RB,,1,,,,,,,,,,,,,,,,
FA,Tanner Morgan,QB,,1,,,,,,,,,,,,,,,,
FA,T.J. Luther,WR,,1,,,,,,,,,,,,,,,,
FA,Keilahn Harris,WR,,1,,,,,,,,,,,,,,,,
FA,Johnny Lumpkin,TE,,1,,,,,,,,,,,,,,,,
FA,Cephus Johnson III,WR,,1,,,,,,,,,,,,,,,,
FA,Thayer Thomas,WR,,1,,,,,,,,,,,,,,,,
FA,Chase Cota,WR,,1,,,,,,,,,,,,,,,,
FA,James Blackman,QB,,1,,,,,,,,,,,,,,,,
FA,Ontaria Wilson,WR,,1,,,,,,,,,,,,,,,,
FA,Johnny King,WR,,1,,,,,,,,,,,,,,,,
FA,Jared Wayne,WR,HOU,1,,,,,,,,,,,,,,,,
FA,Monte Pottebaum,RB,,1,,,,,,,,,,,,,,,,
FA,Jose Barbon,WR,,1,,,,,,,,,,,,,,,,
FA,Calvin Tyler Jr.,RB,,1,,,,,,,,,,,,,,,,
FA,Nolan Henderson,QB,,1,,,,,,,,,,,,,,,,
FA,Brian Walker,TE,,1,,,,,,,,,,,,,,,,
FA,Josh Vann,WR,,1,,,,,,,,,,,,,,,,
FA,Princeton Fant,TE,DAL,1,,,,,,,,,,,,,,,,
FA,Holton Ahlers,QB,,1,,,,,,,,,,,,,,,,
FA,Chris Smith,RB,,1,,,,,,,,,,,,,,,,
FA,Elijah Dotson,RB,,1,,,,,,,,,,,,,,,,
FA,Tyler Hoosman,RB,,1,,,,,,,,,,,,,,,,
FA,Terrell Bynum,WR,,1,,,,,,,,,,,,,,,,
FA,Michael Ezeike,TE,,1,,,,,,,,,,,,,,,,
FA,Ben VanSumeren,RB,BUF,1,,,,,,,,,,,,,,,,
FA,Taye Barber,WR,,1,,,,,,,,,,,,,,,,
FA,Aron Cruickshank,WR,,1,,,,,,,,,,,,,,,,
FA,Christian Trahan,TE,,1,,,,,,,,,,,,,,,,
FA,Taylor Grimes,WR,,1,,,,,,,,,,,,,,,,
FA,John Hall,WR,,1,,,,,,,,,,,,,,,,
FA,Allen Smith,RB,,1,,,,,,,,,,,,,,,,
FA,Deshun Kitchings,WR,,1,,,,,,,,,,,,,,,,
FA,Kazmeir Allen,RB,,1,,,,,,,,,,,,,,,,
FA,N'Kosi Perry,QB,,1,,,,,,,,,,,,,,,,
FA,Donny Navarro III,WR,,1,,,,,,,,,,,,,,,,
FA,Josh Falo,TE,,1,,,,,,,,,,,,,,,,
FA,Jordan Byrd,WR,,1,,,,,,,,,,,,,,,,
FA,Chuck McClelland,RB,,1,,,,,,,,,,,,,,,,
FA,Kris Leach,TE,,1,,,,,,,,,,,,,,,,
FA,James Letcher Jr.,WR,,1,,,,,,,,,,,,,,,,
FA,Haaziq Daniels,RB,,1,,,,,,,,,,,,,,,,
FA,Sy Barnett,WR,,1,,,,,,,,,,,,,,,,
FA,Joel Honigford,TE,,1,,,,,,,,,,,,,,,,
FA,Sean Ryan,WR,,1,,,,,,,,,,,,,,,,
FA,Owen Wright,RB,HOU,1,,,,,,,,,,,,,,,,
FA,Jesse Matthews,WR,,1,,,,,,,,,,,,,,,,
FA,Chris Coleman,WR,,1,,,,,,,,,,,,,,,,
FA,Brady Russell,TE,SEA,1,,,,,,,,,,,,,,,,
FA,Marcus Cooper,RB,,1,,,,,,,,,,,,,,,,
FA,Griffin Hebert,WR,,1,,,,,,,,,,,,,,,,
FA,Henry Pearson,RB,,1,,,,,,,,,,,,,,,,
FA,Braxton Westfield,WR,,1,,,,,,,,,,,,,,,,
FA,John Samuel Shenker,TE,,1,,,,,,,,,,,,,,,,
FA,Tanner Brown,K,NO,1,,,,,,,,,,,,,,,,
FA,Thomas Greaney,TE,,1,,,,,,,,,,,,,,,,
FA,Oliver Martin,WR,,1,,,,,,,,,,,,,,,,
FA,Elijah Cooks,WR,CAR,1,,,,,,,,,,,,,,,,
FA,Christian Sims,TE,,1,,,,,,,,,,,,,,,,
FA,Tim DeMorat,QB,,1,,,,,,,,,,,,,,,,
FA,Dresser Winn,QB,,1,,,,,,,,,,,,,,,,
FA,Zion Bowens,WR,,1,,,,,,,,,,,,,,,,
FA,Damien Caffrey,TE,,1,,,,,,,,,,,,,,,,
FA,Thyrick Pitts,WR,,1,,,,,,,,,,,,,,,,
FA,John Stephens Jr.,TE,,1,,,,,,,,,,,,,,,,
FA,Keytaon Thompson,WR,,1,,,,,,,,,,,,,,,,
FA,Cody Chrest,WR,,1,,,,,,,,,,,,,,,,
FA,Tyrick James,TE,,1,,,,,,,,,,,,,,,,
FA,E.J. Jenkins,TE,PHI,1,,,,,,,,,,,,,,,,
FA,Jadakis Bonds,WR,,1,,,,,,,,,,,,,,,,
FA,Tre'Shaun Harrison,WR,,1,,,,,,,,,,,,,,,,
FA,Trey Wolff,K,,1,,,,,,,,,,,,,,,,
FA,Zay Malone,WR,,1,,,,,,,,,,,,,,,,
FA,Malik Flowers,WR,,1,,,,,,,,,,,,,,,,
FA,Braxton Burmeister,WR,,1,,,,,,,,,,,,,,,,
FA,Isaiah Winstead,WR,PIT,1,,,,,,,,,,,,,,,,
FA,Patrick Murtagh,TE,,1,,,,,,,,,,,,,,,,
FA,Ryan Jones,TE,,1,,,,,,,,,,,,,,,,
FA,Tyler Adams,WR,,1,,,,,,,,,,,,,,,,
FA,Kody Case,WR,,1,,,,,,,,,,,,,,,,
FA,Bryan Thompson,WR,,1,,,,,,,,,,,,,,,,
FA,Malachi Carter,WR,,1,,,,,,,,,,,,,,,,
FA,Isaiah Bowser,RB,,1,,,,,,,,,,,,,,,,
FA,Gavin Holmes,WR,,1,,,,,,,,,,,,,,,,
FA,Ellis Merriweather,RB,,1,,,,,,,,,,,,,,,,
FA,Zach Ojile,RB,,1,,,,,,,,,,,,,,,,
FA,Austin Aune,QB,,1,,,,,,,,,,,,,,,,
FA,Jordan Murray,TE,,1,,,,,,,,,,,,,,,,
FA,Brian Cobbs,WR,,1,,,,,,,,,,,,,,,,
FA,Lucky Jackson,WR,DET,1,,,,,,,,,,,,,,,,
FA,Jerome Kapp,WR,,1,,,,,,,,,,,,,,,,
FA,Garett Maag,WR,,1,,,,,,,,,,,,,,,,
FA,Ed Lee,WR,,1,,,,,,,,,,,,,,,,
FA,Matthew Trickett,K,,1,,,,,,,,,,,,,,,,
FA,Nick Williams,WR,,1,,,,,,,,,,,,,,,,
FA,Milton Wright,WR,,1,,,,,,,,,,,,,,,,
FA,Toriano Clinton,RB,,1,,,,,,,,,,,,,,,,
FA,La'Michael Pettway,TE,,1,,,,,,,,,,,,,,,,
FA,Avery Davis,WR,,1,,,,,,,,,,,,,,,,
FA,Lachlan Pitts,TE,,1,,,,,,,,,,,,,,,,
FA,Aaron Dykes,RB,,1,,,,,,,,,,,,,,,,
FA,Ajou Ajou,WR,,1,,,,,,,,,,,,,,,,
FA,Carson Steele,RB,PHI,1,,,,,,,,,,,,,,,,
FA,Jaden Shirden,RB,,1,,,,,,,,,,,,,,,,
FA,Ja'Lynn Polk,WR,,1,,,,,,,,,,,,,,,,
FA,Arland Bruce,WR,,1,,,,,,,,,,,,,,,,
Eli Manning,Ricky Pearsall,WR,SF,1,,,,,,,,,,,,,,,,
FA,Michael Pratt,QB,,1,,,,,,,,,,,,,,,,
FA,Jamari Thrash,WR,CLE,1,,,,,,,,,,,,,,,,
FA,La'Damian Webb,RB,,1,,,,,,,,,,,,,,,,
FA,Drake Dabney,TE,GB,1,,,,,,,,,,,,,,,,
FA,Drake Stoops,WR,,1,,,,,,,,,,,,,,,,
FA,Tanner McLachlan,TE,SF,1,,,,,,,,,,,,,,,,
FA,Antario Brown,RB,,1,,,,,,,,,,,,,,,,
FA,Jaylon Robinson,WR,,1,,,,,,,,,,,,,,,,
FA,Roman Hemby,RB,LV,1,,,,,,,,,,,,,,,,
FA,Peny Boone,RB,,1,,,,,,,,,,,,,,,,
FA,Maurice Washington,RB,,1,,,,,,,,,,,,,,,,
FA,Julian Fleming,WR,,1,,,,,,,,,,,,,,,,
FA,Javon Baker,WR,,1,,,,,,,,,,,,,,,,
FA,Jason Bean,QB,,1,,,,,,,,,,,,,,,,
FA,Carter Bradley,QB,JAX,1,,,,,,,,,,,,,,,,
FA,Anthony Grant,RB,,1,,,,,,,,,,,,,,,,
FA,Blake Watson,RB,,1,,,,,,,,,,,,,,,,
FA,LaDarius Owens,RB,,1,,,,,,,,,,,,,,,,
FA,Cody Schrader,RB,DEN,1,,,,,,,,,,,,,,,,
FA,Chris Collier,RB,,1,,,,,,,,,,,,,,,,
FA,Dante Miller,RB,,1,,,,,,,,,,,,,,,,
FA,Darran Butts,RB,,1,,,,,,,,,,,,,,,,
FA,Deshaun Fenwick,RB,,1,,,,,,,,,,,,,,,,
FA,Dillon Johnson,RB,,1,,,,,,,,,,,,,,,,
FA,Earnest Crownover,RB,,1,,,,,,,,,,,,,,,,
FA,Dominic Roberto,RB,,1,,,,,,,,,,,,,,,,
FA,Emani Bailey,RB,,1,,,,,,,,,,,,,,,,
FA,Gary Quarles,RB,,1,,,,,,,,,,,,,,,,
FA,Isaac Foster,WR,,1,,,,,,,,,,,,,,,,
FA,Geno Hess,RB,,1,,,,,,,,,,,,,,,,
FA,Irvin Mulligan,RB,,1,,,,,,,,,,,,,,,,
FA,Jacob Kibodi,RB,,1,,,,,,,,,,,,,,,,
FA,Aidan Robbins,RB,,1,,,,,,,,,,,,,,,,
FA,Daijun Edwards,RB,,1,,,,,,,,,,,,,,,,
FA,Ja'Won Howell,RB,,1,,,,,,,,,,,,,,,,
FA,Jalen Bussey,RB,,1,,,,,,,,,,,,,,,,
FA,Jared Wilson,RB,,1,,,,,,,,,,,,,,,,
FA,Jalen Jackson,RB,,1,,,,,,,,,,,,,,,,
FA,Jordan Davis,RB,,1,,,,,,,,,,,,,,,,
FA,Jarveon Howard,RB,,1,,,,,,,,,,,,,,,,
FA,Josh Henderson,RB,,1,,,,,,,,,,,,,,,,
FA,Josh Brown,RB,,1,,,,,,,,,,,,,,,,
FA,Kendrell Flowers,RB,,1,,,,,,,,,,,,,,,,
FA,Khalid Dorsey,RB,,1,,,,,,,,,,,,,,,,
FA,Kimo Clarke,RB,,1,,,,,,,,,,,,,,,,
FA,Latrele Palmer,RB,,1,,,,,,,,,,,,,,,,
FA,Larry McCammon III,RB,,1,,,,,,,,,,,,,,,,
FA,Latrell Collier,RB,,1,,,,,,,,,,,,,,,,
FA,Malik Jackson,RB,,1,,,,,,,,,,,,,,,,
FA,Marcus Knight,RB,,1,,,,,,,,,,,,,,,,
FA,Mark-Antony Richards,RB,,1,,,,,,,,,,,,,,,,
FA,Reese White,RB,,1,,,,,,,,,,,,,,,,
FA,Sidney Gibbs,RB,,1,,,,,,,,,,,,,,,,
FA,Tariq Reid,RB,,1,,,,,,,,,,,,,,,,
FA,Thurlow Wilkins,RB,,1,,,,,,,,,,,,,,,,
FA,Juwon Farri,RB,,1,,,,,,,,,,,,,,,,
FA,Ramon Jefferson,RB,,1,,,,,,,,,,,,,,,,
FA,Samson Evans,RB,,1,,,,,,,,,,,,,,,,
FA,TaMerik Williams,RB,,1,,,,,,,,,,,,,,,,
FA,Brenden Rice,WR,,1,,,,,,,,,,,,,,,,
FA,Miyan Williams,RB,,1,,,,,,,,,,,,,,,,
FA,Bryson Nesbit,TE,MIN,1,,,,,,,,,,,,,,,,
FA,Michael Wiley,RB,,1,,,,,,,,,,,,,,,,
FA,Sam Hartman,QB,WAS,1,,,,,,,,,,,,,,,,
FA,Devin Leary,QB,,1,,,,,,,,,,,,,,,,
FA,Austin Reed,QB,BAL,1,,,,,,,,,,,,,,,,
FA,Jordan Travis,QB,,1,,,,,,,,,,,,,,,,
FA,Keilan Robinson,RB,,1,,,,,,,,,,,,,,,,
FA,Joshua Karty,K,,1,,,,,,,,,,,,,,,,
FA,Tulu Griffin,WR,,1,,,,,,,,,,,,,,,,
FA,Jha'Quan Jackson,WR,HOU,1,,,,,,,,,,,,,,,,
FA,Tayvion Robinson,WR,,1,,,,,,,,,,,,,,,,
FA,Marcus Rosemy-Jacksaint,WR,,1,,,,,,,,,,,,,,,,
FA,Trey Knox,TE,,1,,,,,,,,,,,,,,,,
FA,Tahj Washington,WR,MIA,1,,,,,,,,,,,,,,,,
FA,Dylan McDuffie,RB,,1,,,,,,,,,,,,,,,,
FA,Nakia Watson,RB,,1,,,,,,,,,,,,,,,,
FA,Micah Bernard,RB,,1,,,,,,,,,,,,,,,,
FA,Kobe Pace,RB,,1,,,,,,,,,,,,,,,,
FA,Isaac Rex,TE,,1,,,,,,,,,,,,,,,,
FA,Jaxon Janke,WR,,1,,,,,,,,,,,,,,,,
FA,Casey Washington,WR,CAR,1,,,,,,,,,,,,,,,,
FA,Dominic Lovett,WR,DET,1,,,,,,,,,,,,,,,,
FA,David Wallis,WR,,1,,,,,,,,,,,,,,,,
FA,John Rhys Plumlee,QB,,1,,,,,,,,,,,,,,,,
FA,Jordan Terrell,RB,,1,,,,,,,,,,,,,,,,
FA,Joshua Cephus,WR,,1,,,,,,,,,,,,,,,,
FA,Louis Rees-Zammit,WR,,1,,,,,,,,,,,,,,,,
FA,David White Jr.,WR,,1,,,,,,,,,,,,,,,,
FA,Hayden Hatten,WR,,1,,,,,,,,,,,,,,,,
FA,Zakhari Franklin,WR,,1,,,,,,,,,,,,,,,,
FA,Zach Heins,TE,,1,,,,,,,,,,,,,,,,
FA,Mason Pline,TE,KC,1,,,,,,,,,,,,,,,,
FA,Taulia Tagovailoa,QB,,1,,,,,,,,,,,,,,,,
FA,Jabari Small,RB,DET,1,,,,,,,,,,,,,,,,
FA,Baylor Cupp,TE,ARI,1,,,,,,,,,,,,,,,,
FA,Gee Scott Jr.,TE,,1,,,,,,,,,,,,,,,,
FA,Chris Tyree,WR,,1,,,,,,,,,,,,,,,,
FA,John Jiles,WR,,1,,,,,,,,,,,,,,,,
FA,Tejhaun Palmer,WR,NE,1,,,,,,,,,,,,,,,,
FA,Jack Plummer,QB,,1,,,,,,,,,,,,,,,,
FA,Tanner Mordecai,QB,,1,,,,,,,,,,,,,,,,
FA,Sam Pinckney,WR,,1,,,,,,,,,,,,,,,,
FA,Jalon Calhoun,WR,,1,,,,,,,,,,,,,,,,
FA,Jermaine Jackson,WR,,1,,,,,,,,,,,,,,,,
FA,Zack Annexstad,QB,,1,,,,,,,,,,,,,,,,
FA,Sam Wiglusz,WR,,1,,,,,,,,,,,,,,,,
FA,McCallan Castles,TE,GB,1,,,,,,,,,,,,,,,,
FA,Xavier White,WR,,1,,,,,,,,,,,,,,,,
FA,Luke Benson,TE,,1,,,,,,,,,,,,,,,,
FA,Thomas Yassmin,TE,GB,1,,,,,,,,,,,,,,,,
FA,Lawrence Keys,WR,,1,,,,,,,,,,,,,,,,
FA,Reggie Brown,WR,,1,,,,,,,,,,,,,,,,
FA,Brevin Easton,WR,,1,,,,,,,,,,,,,,,,
FA,Isaiah Wooden,WR,,1,,,,,,,,,,,,,,,,
FA,Terique Owens,WR,,1,,,,,,,,,,,,,,,,
FA,Jacob Warren,TE,,1,,,,,,,,,,,,,,,,
FA,Brayden Narveson,K,,1,,,,,,,,,,,,,,,,
FA,Devron Harper,WR,,1,,,,,,,,,,,,,,,,
FA,Ty James,WR,,1,,,,,,,,,,,,,,,,
FA,Gavin Hardison,QB,,1,,,,,,,,,,,,,,,,
FA,D.J. Williams,RB,,1,,,,,,,,,,,,,,,,
FA,Jeff Foreman,WR,,1,,,,,,,,,,,,,,,,
FA,JaQuae Jackson,WR,LAC,1,,,,,,,,,,,,,,,,
FA,DeAngelo Hardy,WR,,1,,,,,,,,,,,,,,,,
FA,Dayton Wade,WR,BAL,1,,,,,,,,,,,,,,,,
FA,Xavier Johnson,WR,CIN,1,,,,,,,,,,,,,,,,
FA,Kyle Sheets,WR,,1,,,,,,,,,,,,,,,,
FA,Steven Stilianos,TE,,1,,,,,,,,,,,,,,,,
FA,Ian Wheeler,RB,BUF,1,,,,,,,,,,,,,,,,
FA,Brenden Bates,TE,,1,,,,,,,,,,,,,,,,
FA,OJ Hiliare,WR,,1,,,,,,,,,,,,,,,,
FA,Chevan Cordeiro,QB,,1,,,,,,,,,,,,,,,,
FA,Rocky Lombardi,QB,,1,,,,,,,,,,,,,,,,
FA,Talik Keaton,WR,,1,,,,,,,,,,,,,,,,
FA,Jadon Janke,WR,,1,,,,,,,,,,,,,,,,
FA,Lorenzo Lingard,RB,,1,,,,,,,,,,,,,,,,
FA,Ramel Keyton,WR,,1,,,,,,,,,,,,,,,,
FA,Cole Burgess,WR,PIT,1,,,,,,,,,,,,,,,,
FA,Casey Bauman,QB,,1,,,,,,,,,,,,,,,,
FA,Elijah Collins,RB,,1,,,,,,,,,,,,,,,,
FA,Jaelen Gill,WR,,1,,,,,,,,,,,,,,,,
FA,Jaylen Johnson,WR,,1,,,,,,,,,,,,,,,,
FA,Leon Johnson,WR,,1,,,,,,,,,,,,,,,,
FA,Cam Johnson,WR,,1,,,,,,,,,,,,,,,,
FA,Alec Holler,TE,,1,,,,,,,,,,,,,,,,
FA,Corey Crooms,WR,,1,,,,,,,,,,,,,,,,
FA,Dylan Leonard,TE,,1,,,,,,,,,,,,,,,,
FA,Trent Pennix,RB,,1,,,,,,,,,,,,,,,,
FA,Lincoln Victor,WR,,1,,,,,,,,,,,,,,,,
FA,Wayne Ruby,WR,,1,,,,,,,,,,,,,,,,
FA,Neal Johnson,TE,,1,,,,,,,,,,,,,,,,
FA,Messiah Swinson,TE,GB,1,,,,,,,,,,,,,,,,
FA,JJ Laap,WR,,1,,,,,,,,,,,,,,,,
FA,Ayir Asante,WR,,1,,,,,,,,,,,,,,,,
FA,Tyler Harrell,WR,,1,,,,,,,,,,,,,,,,
FA,Ahmarean Brown,WR,,1,,,,,,,,,,,,,,,,
FA,John Paddock,QB,,1,,,,,,,,,,,,,,,,
FA,Cole Beck,RB,,1,,,,,,,,,,,,,,,,
FA,Isaiah Washington,WR,,1,,,,,,,,,,,,,,,,
FA,Mike Rigerman,TE,,1,,,,,,,,,,,,,,,,
FA,Riley Sharp,TE,,1,,,,,,,,,,,,,,,,
FA,Kevin Foelsch,TE,,1,,,,,,,,,,,,,,,,
FA,Austin Stogner,TE,,1,,,,,,,,,,,,,,,,
FA,Treyton Welch,TE,NO,1,,,,,,,,,,,,,,,,
FA,Nathaniel Peat,RB,,1,,,,,,,,,,,,,,,,
FA,James Turner,K,,1,,,,,,,,,,,,,,,,
FA,Phillip Brooks,WR,,1,,,,,,,,,,,,,,,,
FA,Latreal Jones,WR,,1,,,,,,,,,,,,,,,,
FA,BJ West,WR,,1,,,,,,,,,,,,,,,,
FA,Julian Hicks,WR,SEA,1,,,,,,,,,,,,,,,,
FA,Joseph Scates,WR,,1,,,,,,,,,,,,,,,,
FA,Shawn Bowman,TE,ARI,1,,,,,,,,,,,,,,,,
FA,Jaaron Hayek,WR,,1,,,,,,,,,,,,,,,,
FA,Jude McAtamney,K,,1,,,,,,,,,,,,,,,,
FA,Kobe Lewis,RB,,1,,,,,,,,,,,,,,,,
FA,Sam Schnee,WR,,1,,,,,,,,,,,,,,,,
FA,Je'Quan Burton,WR,,1,,,,,,,,,,,,,,,,
FA,Lincoln Sefcik,TE,,1,,,,,,,,,,,,,,,,
FA,Peewee Jarrett,QB,,1,,,,,,,,,,,,,,,,
FA,Marcus Riley,WR,,1,,,,,,,,,,,,,,,,
FA,Jelani Baker,WR,,1,,,,,,,,,,,,,,,,
FA,Dimitri Stanley,WR,,1,,,,,,,,,,,,,,,,
FA,Andrew Peasley,QB,,1,,,,,,,,,,,,,,,,
FA,Colby Suits,QB,,1,,,,,,,,,,,,,,,,
FA,Qadir Ismail,WR,CHI,1,,,,,,,,,,,,,,,,
FA,Mason Fairchild,TE,,1,,,,,,,,,,,,,,,,
FA,Jacob Sirmon,QB,,1,,,,,,,,,,,,,,,,
FA,Markese Stepp,RB,,1,,,,,,,,,,,,,,,,
FA,Praise Olatoke,WR,,1,,,,,,,,,,,,,,,,
FA,Peter Leblanc,WR,,1,,,,,,,,,,,,,,,,
FA,Tre Mosley,WR,,1,,,,,,,,,,,,,,,,
FA,John Dietl,TE,,1,,,,,,,,,,,,,,,,
FA,Tanner Knue,WR,,1,,,,,,,,,,,,,,,,
FA,John Jackson,WR,,1,,,,,,,,,,,,,,,,
FA,Hamze El-Zayat,WR,,1,,,,,,,,,,,,,,,,
FA,Derek Slywka,WR,,1,,,,,,,,,,,,,,,,
FA,Rory Starkey,WR,,1,,,,,,,,,,,,,,,,
FA,Ben Bryant,QB,,1,,,,,,,,,,,,,,,,
FA,Kairee Robinson,RB,,1,,,,,,,,,,,,,,,,
FA,Geor'quarius Spivey,TE,,1,,,,,,,,,,,,,,,,
FA,Alex Hale,K,,1,,,,,,,,,,,,,,,,
FA,Devon Garrison,TE,,1,,,,,,,,,,,,,,,,
FA,Luke Lachey,TE,,1,,,,,,,,,,,,,,,,
FA,Jalon Daniels,QB,TB,1,,,,,,,,,,,,,,,,
FA,Coleman Owen,WR,IND,1,,,,,,,,,,,,,,,,
FA,Giles Jackson,WR,,1,,,,,,,,,,,,,,,,
FA,Anthony Hankerson,RB,SEA,1,,,,,,,,,,,,,,,,
FA,Ja'Quinden Jackson,RB,PHI,1,,,,,,,,,,,,,,,,
FA,Andrew Armstrong,WR,KC,1,,,,,,,,,,,,,,,,
FA,Devonte Ross,WR,LAC,1,,,,,,,,,,,,,,,,
FA,DT Sheffield,WR,NYJ,1,,,,,,,,,,,,,,,,
FA,Elijhah Badger,WR,,1,,,,,,,,,,,,,,,,
FA,Jamaal Pritchett,WR,NYJ,1,,,,,,,,,,,,,,,,
FA,Jerjuan Newton,WR,,1,,,,,,,,,,,,,,,,
FA,Justin Lockhart,WR,,1,,,,,,,,,,,,,,,,
FA,Josh Kelly,WR,HOU,1,,,,,,,,,,,,,,,,
FA,Jakobie Keeney-James,WR,PIT,1,,,,,,,,,,,,,,,,
FA,Jaden Smith,WR,DAL,1,,,,,,,,,,,,,,,,
FA,Squirrel White,WR,,1,,,,,,,,,,,,,,,,
FA,Jeff Weimer,WR,KC,1,,,,,,,,,,,,,,,,
FA,Phil Lutz,WR,,1,,,,,,,,,,,,,,,,
FA,Luke Wysong,WR,,1,,,,,,,,,,,,,,,,
FA,Mac Dalena,WR,BUF,1,,,,,,,,,,,,,,,,
FA,Nick Nash,WR,WAS,1,,,,,,,,,,,,,,,,
FA,Omari Kelly,WR,CHI,1,,,,,,,,,,,,,,,,
FA,Shunderrick Powell,RB,,1,,,,,,,,,,,,,,,,
FA,Marcus Yarns,RB,,1,,,,,,,,,,,,,,,,
FA,Silas Bolden,WR,,1,,,,,,,,,,,,,,,,
FA,Jake Briningstool,TE,KC,1,,,,,,,,,,,,,,,,
FA,Caden Prieskorn,TE,CAR,1,,,,,,,,,,,,,,,,
FA,Kaden Prather,WR,GB,1,,,,,,,,,,,,,,,,
FA,Kobe Hudson,WR,,1,,,,,,,,,,,,,,,,
FA,Daniel Jackson,WR,,1,,,,,,,,,,,,,,,,
FA,Da'Quan Felton,WR,,1,,,,,,,,,,,,,,,,
FA,Quentin Skinner,WR,BUF,1,,,,,,,,,,,,,,,,
FA,Dymere Miller,WR,,1,,,,,,,,,,,,,,,,
FA,Will Sheppard,WR,GB,1,,,,,,,,,,,,,,,,
FA,Montorie Foster Jr.,WR,SEA,1,,,,,,,,,,,,,,,,
FA,Taylor Elgersma,QB,,1,,,,,,,,,,,,,,,,
FA,Seth Henigan,QB,,1,,,,,,,,,,,,,,,,
FA,Antwane Wells Jr.,WR,ATL,1,,,,,,,,,,,,,,,,
FA,Max Brosmer,QB,MIN,1,,,,,,,,,,,,,,,,
FA,Kyle McCord,QB,GB,1,,,,,,,,,,,,,,,,
FA,Graham Mertz,QB,HOU,1,,,,,,,,,,,,,,,,
FA,Kurtis Rourke,QB,SF,1,,,,,,,,,,,,,,,,
FA,Montrell Johnson Jr.,RB,,1,,,,,,,,,,,,,,,,
FA,Ja'Corey Brooks,WR,,1,,,,,,,,,,,,,,,,
FA,Sam Brown Jr.,WR,,1,,,,,,,,,,,,,,,,
FA,Beaux Collins,WR,ATL,1,,,,,,,,,,,,,,,,
FA,Jacolby George,WR,,1,,,,,,,,,,,,,,,,
FA,Traeshon Holden,WR,,1,,,,,,,,,,,,,,,,
FA,Isaiah Neyor,WR,GB,1,,,,,,,,,,,,,,,,
FA,Roc Taylor,WR,CAR,1,,,,,,,,,,,,,,,,
FA,Gavin Bartholomew,TE,MIN,1,,,,,,,,,,,,,,,,
FA,Jalin Conyers,TE,,1,,,,,,,,,,,,,,,,
FA,Joshua Simon,TE,ATL,1,,,,,,,,,,,,,,,,
FA,Robbie Ouzts,RB,SEA,1,,,,,,,,,,,,,,,,
FA,Lenny Krieg,K,,1,,,,,,,,,,,,,,,,
FA,Jordan Petaia,TE,,1,,,,,,,,,,,,,,,,
FA,Colin Granger,TE,,1,,,,,,,,,,,,,,,,
FA,Cam Miller,QB,MIA,1,,,,,,,,,,,,,,,,
FA,Hunter Dekkers,QB,NO,1,,,,,,,,,,,,,,,,
FA,Ethan Garbers,QB,,1,,,,,,,,,,,,,,,,
FA,Garrett Greene,QB,TB,1,,,,,,,,,,,,,,,,
FA,Tre Stewart,RB,ARI,1,,,,,,,,,,,,,,,,
FA,Brock Lampe,RB,SEA,1,,,,,,,,,,,,,,,,
FA,Nay'Quan Wright,RB,,1,,,,,,,,,,,,,,,,
FA,Nick Kallerup,TE,SEA,1,,,,,,,,,,,,,,,,
FA,Carter Runyon,TE,LV,1,,,,,,,,,,,,,,,,
FA,Anthony Landphere,TE,,1,,,,,,,,,,,,,,,,
FA,Kole Taylor,TE,,1,,,,,,,,,,,,,,,,
FA,Tommy Mellott,WR,,1,,,,,,,,,,,,,,,,
FA,Jackson Meeks,WR,DET,1,,,,,,,,,,,,,,,,
FA,Jalen White,RB,,1,,,,,,,,,,,,,,,,
FA,Caleb Lohner,TE,DEN,1,,,,,,,,,,,,,,,,
FA,Junior Bergen,WR,,1,,,,,,,,,,,,,,,,
FA,Quincy Skinner Jr.,WR,NYJ,1,,,,,,,,,,,,,,,,
FA,Jordan Moore,WR,CIN,1,,,,,,,,,,,,,,,,
FA,Payton Thorne,QB,,1,,,,,,,,,,,,,,,,
FA,Ben Wooldridge,QB,,1,,,,,,,,,,,,,,,,
FA,Dontae Fleming,WR,MIN,1,,,,,,,,,,,,,,,,
FA,Dalen Cambre,WR,NYG,1,,,,,,,,,,,,,,,,
FA,DJ Thomas-Jones,RB,,1,,,,,,,,,,,,,,,,
FA,Luke Grimm,WR,LAC,1,,,,,,,,,,,,,,,,
FA,Tru Edwards,WR,LAR,1,,,,,,,,,,,,,,,,
FA,Robert Lewis,WR,,1,,,,,,,,,,,,,,,,
FA,Connor Bazelak,QB,TB,1,,,,,,,,,,,,,,,,
FA,Hal Presley III,WR,,1,,,,,,,,,,,,,,,,
FA,Joaquin Davis,WR,PIT,1,,,,,,,,,,,,,,,,
FA,Kelly Akharaiyi,WR,,1,,,,,,,,,,,,,,,,
FA,Stephen Gosnell,WR,BUF,1,,,,,,,,,,,,,,,,
FA,Jonathan Kim,K,,1,,,,,,,,,,,,,,,,
FA,Jamoi Mayes,WR,,1,,,,,,,,,,,,,,,,
FA,Rashod Owens,WR,,1,,,,,,,,,,,,,,,,
FA,Stevo Klotz,TE,,1,,,,,,,,,,,,,,,,
FA,JJ Galbreath,TE,,1,,,,,,,,,,,,,,,,
FA,Tyler Kahmann,WR,,1,,,,,,,,,,,,,,,,
FA,Courtney Jackson,WR,TEN,1,,,,,,,,,,,,,,,,
FA,Nate Noel,RB,,1,,,,,,,,,,,,,,,,
FA,Bryson Green,WR,ARI,1,,,,,,,,,,,,,,,,
FA,Oscar Cardenas,TE,,1,,,,,,,,,,,,,,,,
FA,Ahmani Marshall,RB,CLE,1,,,,,,,,,,,,,,,,
FA,Ryan Coe,K,,1,,,,,,,,,,,,,,,,
FA,Cam Camper,WR,NYJ,1,,,,,,,,,,,,,,,,
FA,Nate McCollum,WR,,1,,,,,,,,,,,,,,,,
FA,Jeremiah Webb,WR,NE,1,,,,,,,,,,,,,,,,
FA,Moose Muhammad III,WR,,1,,,,,,,,,,,,,,,,
FA,Moochie Dixon,WR,,1,,,,,,,,,,,,,,,,
FA,Chandler Brayboy,WR,JAX,1,,,,,,,,,,,,,,,,
FA,John Copenhaver,TE,,1,,,,,,,,,,,,,,,,
FA,Patrick Herbert,TE,JAX,1,,,,,,,,,,,,,,,,
FA,Eli Pancol,WR,IND,1,,,,,,,,,,,,,,,,
FA,Taylor Morin,WR,,1,,,,,,,,,,,,,,,,
FA,Xavier Guillory,WR,BAL,1,,,,,,,,,,,,,,,,
FA,Bryce Pierre,TE,,1,,,,,,,,,,,,,,,,
FA,Kye Robichaux,RB,,1,,,,,,,,,,,,,,,,
FA,Tre Watson,TE,KC,1,,,,,,,,,,,,,,,,
FA,Landon Parker,WR,,1,,,,,,,,,,,,,,,,
FA,Elijah Young,RB,,1,,,,,,,,,,,,,,,,
FA,Amar Johnson,RB,LAC,1,,,,,,,,,,,,,,,,
FA,Sone Ntoh,RB,,1,,,,,,,,,,,,,,,,
FA,Maddux Trujillo,K,,1,,,,,,,,,,,,,,,,
FA,Rushawn Baker,RB,,1,,,,,,,,,,,,,,,,
FA,Blayne Taylor,WR,,1,,,,,,,,,,,,,,,,
FA,Tyler Neville,TE,,1,,,,,,,,,,,,,,,,
FA,Kayron Lynch-Adams,RB,,1,,,,,,,,,,,,,,,,
FA,Zach Horton,TE,DET,1,,,,,,,,,,,,,,,,
FA,Anthony Tyus III,RB,CAR,1,,,,,,,,,,,,,,,,
FA,Brennan Presley,WR,LAR,1,,,,,,,,,,,,,,,,
FA,Jordan Waters,RB,LAR,1,,,,,,,,,,,,,,,,
FA,Mario Williams,WR,LAR,1,,,,,,,,,,,,,,,,
FA,Monaray Baldwin,WR,,1,,,,,,,,,,,,,,,,
FA,AJ Henning,WR,MIA,1,,,,,,,,,,,,,,,,
FA,Pat Conroy,TE,,1,,,,,,,,,,,,,,,,
FA,Marcus Major Jr.,RB,,1,,,,,,,,,,,,,,,,
FA,Kisean Johnson,WR,GB,1,,,,,,,,,,,,,,,,
FA,Deion Hankins,RB,,1,,,,,,,,,,,,,,,,
FA,Quali Conley,RB,,1,,,,,,,,,,,,,,,,
FA,Mark Redman,TE,LAR,1,,,,,,,,,,,,,,,,
FA,Anthony Torres,TE,,1,,,,,,,,,,,,,,,,
FA,Maximilian Mang,TE,,1,,,,,,,,,,,,,,,,
FA,Demeer Blankumsee,WR,,1,,,,,,,,,,,,,,,,
FA,Jordan Bly,WR,,1,,,,,,,,,,,,,,,,
FA,Jahmal Banks,WR,,1,,,,,,,,,,,,,,,,
FA,Sam Pitz,TE,,1,,,,,,,,,,,,,,,,
FA,Eli Wilson,RB,,1,,,,,,,,,,,,,,,,
FA,Tyrone Broden,WR,,1,,,,,,,,,,,,,,,,
FA,Marshall Lang,TE,MIN,1,,,,,,,,,,,,,,,,
FA,Darius Lassiter,WR,,1,,,,,,,,,,,,,,,,
FA,Dorian Singer,WR,,1,,,,,,,,,,,,,,,,
FA,Jermaine Terry II,TE,CLE,1,,,,,,,,,,,,,,,,
FA,Jacoby Jones,WR,WAS,1,,,,,,,,,,,,,,,,
FA,Reggie Brown,TE,,1,,,,,,,,,,,,,,,,
FA,Collin Schlee,QB,,1,,,,,,,,,,,,,,,,
FA,Caden Davis,K,,1,,,,,,,,,,,,,,,,
FA,Kenneth Almendares,K,,1,,,,,,,,,,,,,,,,
FA,Jimmy Holiday,WR,KC,1,,,,,,,,,,,,,,,,
FA,Ja'Seem Reed,WR,CAR,1,,,,,,,,,,,,,,,,
FA,Luke Floriea,WR,CLE,1,,,,,,,,,,,,,,,,
FA,Ketron Jackson Jr.,WR,,1,,,,,,,,,,,,,,,,
FA,Key'Shawn Smith,WR,,1,,,,,,,,,,,,,,,,
FA,Wesley Steiner,RB,,1,,,,,,,,,,,,,,,,
FA,TJ Sheffield,WR,,1,,,,,,,,,,,,,,,,
FA,Max Hurleman,WR,PIT,1,,,,,,,,,,,,,,,,
FA,Dalevon Campbell,WR,LAC,1,,,,,,,,,,,,,,,,
FA,Cade McDonald,WR,,1,,,,,,,,,,,,,,,,
FA,Luke Deal,TE,,1,,,,,,,,,,,,,,,,
FA,Kyrese Rowan,WR,DEN,1,,,,,,,,,,,,,,,,
FA,John Hoyland,K,,1,,,,,,,,,,,,,,,,
FA,Lucas Scott,RB,BAL,1,,,,,,,,,,,,,,,,
FA,Brett Gabbert,QB,,1,,,,,,,,,,,,,,,,
FA,Montana Lemonious-Craig,WR,,1,,,,,,,,,,,,,,,,
FA,Mitch Van Vooren,WR,NE,1,,,,,,,,,,,,,,,,
FA,Ife Adeyi,WR,,1,,,,,,,,,,,,,,,,
FA,Mark McNamee,K,,1,,,,,,,,,,,,,,,,
FA,Winston Wright,WR,,1,,,,,,,,,,,,,,,,
FA,DK Kaufman,RB,,1,,,,,,,,,,,,,,,,
FA,Lawrance Toafili,RB,,1,,,,,,,,,,,,,,,,
FA,Thomas Gordon,TE,DET,1,,,,,,,,,,,,,,,,
FA,Gunnar Oakes,TE,,1,,,,,,,,,,,,,,,,
FA,Shane Watts,RB,,1,,,,,,,,,,,,,,,,
FA,Roderick Daniels Jr.,WR,,1,,,,,,,,,,,,,,,,
FA,Sawyer Robertson,QB,,1,,,,,,,,,,,,,,,,
FA,Robert Henry Jr.,RB,WAS,1,,,,,,,,,,,,,,,,
FA,Layne Pryor,TE,HOU,1,,,,,,,,,,,,,,,,
FA,Dae'Quan Wright,TE,CLE,1,,,,,,,,,,,,,,,,
FA,Kentrel Bullock,RB,CIN,1,,,,,,,,,,,,,,,,
FA,Kejon Owens,RB,,1,,,,,,,,,,,,,,,,
FA,Camden Brown,WR,DAL,1,,,,,,,,,,,,,,,,
FA,Lewis Bond,WR,HOU,1,,,,,,,,,,,,,,,,
FA,Cortez Braham Jr.,WR,BAL,1,,,,,,,,,,,,,,,,
FA,Hank Beatty,WR,TEN,1,,,,,,,,,,,,,,,,
FA,Anthony Smith,WR,DAL,1,,,,,,,,,,,,,,,,
FA,Jaden Bradley,WR,WAS,1,,,,,,,,,,,,,,,,
FA,Dontae McMillan,RB,BAL,1,,,,,,,,,,,,,,,,
FA,Lincoln Pare,RB,,1,,,,,,,,,,,,,,,,
FA,Noah Whittington,RB,HOU,1,,,,,,,,,,,,,,,,
FA,Le'Veon Moss,RB,,1,,,,,,,,,,,,,,,,
FA,Barika Kpeenu,RB,TB,1,,,,,,,,,,,,,,,,
FA,Dohnte Meyers,WR,CIN,1,,,,,,,,,,,,,,,,
FA,Damien Alford,WR,,1,,,,,,,,,,,,,,,,
FA,Athan Kaliakmanis,QB,WAS,1,,,,,,,,,,,,,,,,
FA,Luke Altmyer,QB,DET,1,,,,,,,,,,,,,,,,
FA,DJ Rogers,TE,DAL,1,,,,,,,,,,,,,,,,
FA,Dan Villari,TE,LAR,1,,,,,,,,,,,,,,,,
FA,Caullin Lacy,WR,NYJ,1,,,,,,,,,,,,,,,,
FA,Jordan Hudson,WR,DAL,1,,,,,,,,,,,,,,,,
FA,Vinny Anthony II,WR,ATL,1,,,,,,,,,,,,,,,,
FA,Harrison Wallace III,WR,ARI,1,,,,,,,,,,,,,,,,
FA,CJ Donaldson,RB,NO,1,,,,,,,,,,,,,,,,
FA,Miller Moss,QB,CHI,1,,,,,,,,,,,,,,,,
FA,Lake McRee,TE,PIT,1,,,,,,,,,,,,,,,,
FA,Tanner Arkin,TE,NE,1,,,,,,,,,,,,,,,,
FA,Dillon Bell,WR,MIN,1,,,,,,,,,,,,,,,,
FA,Jeff Caldwell,WR,KC,1,,,,,,,,,,,,,,,,
FA,Kobe Prentice,WR,NE,1,,,,,,,,,,,,,,,,
FA,Max Tomczak,WR,BUF,1,,,,,,,,,,,,,,,,
FA,Kendrick Law,WR,DET,1,,,,,,,,,,,,,,,,
FA,Chris Hilton Jr.,WR,GB,1,,,,,,,,,,,,,,,,
FA,Rohan Jones,TE,LAR,1,,,,,,,,,,,,,,,,
FA,Jalen Walthall,WR,,1,,,,,,,,,,,,,,,,
FA,Tyren Montgomery,WR,TEN,1,,,,,,,,,,,,,,,,
FA,Joe Fagnano,QB,BAL,1,,,,,,,,,,,,,,,,
FA,Haynes King,QB,CAR,1,,,,,,,,,,,,,,,,
FA,Donaven McCulley,WR,MIA,1,,,,,,,,,,,,,,,,
FA,J. Michael Sturdivant,WR,GB,1,,,,,,,,,,,,,,,,
FA,Khalil Dinkins,TE,,1,,,,,,,,,,,,,,,,
FA,RJ Maryland,TE,,1,,,,,,,,,,,,,,,,
FA,Joey Aguilar,QB,JAX,1,,,,,,,,,,,,,,,,
FA,Cameron Dorner,WR,NE,1,,,,,,,,,,,,,,,,
FA,Carson Towt,TE,IND,1,,,,,,,,,,,,,,,,
FA,EJ Smith,RB,KC,1,,,,,,,,,,,,,,,,
FA,Jack Strand,QB,ATL,1,,,,,,,,,,,,,,,,
FA,Mark Gronowski,QB,MIA,1,,,,,,,,,,,,,,,,
FA,Cash Jones,RB,ATL,1,,,,,,,,,,,,,,,,
FA,Will Pauling,WR,SF,1,,,,,,,,,,,,,,,,
FA,Romello Brinson,WR,,1,,,,,,,,,,,,,,,,
FA,Carsen Ryan,TE,CLE,1,,,,,,,,,,,,,,,,
FA,Evan Svoboda,TE,LAC,1,,,,,,,,,,,,,,,,
FA,Hayden Large,TE,CHI,1,,,,,,,,,,,,,,,,
FA,CJ Williams,WR,JAX,1,,,,,,,,,,,,,,,,
FA,Shaleak Knotts,WR,,1,,,,,,,,,,,,,,,,
FA,Marcus Sanders Jr.,WR,MIN,1,,,,,,,,,,,,,,,,
FA,Jerand Bradley,WR,LAC,1,,,,,,,,,,,,,,,,
FA,Sincere Brown,WR,LAC,1,,,,,,,,,,,,,,,,
FA,Gregory Desrosiers,RB,LAC,1,,,,,,,,,,,,,,,,
FA,Cody Hardy,TE,NO,1,,,,,,,,,,,,,,,,
FA,Mason Shipley,K,,1,,,,,,,,,,,,,,,,
FA,Andrel Anthony,WR,,1,,,,,,,,,,,,,,,,
FA,Brady Boyd,WR,JAX,1,,,,,,,,,,,,,,,,
FA,Alex Bullock,WR,,1,,,,,,,,,,,,,,,,
FA,Ethan Conner,TE,,1,,,,,,,,,,,,,,,,
FA,Michael Wortham,WR,JAX,1,,,,,,,,,,,,,,,,
FA,Ben Patterson,WR,,1,,,,,,,,,,,,,,,,
FA,Wesley Grimes,WR,SF,1,,,,,,,,,,,,,,,,
FA,Le'Meke Brockington,WR,ATL,1,,,,,,,,,,,,,,,,
FA,Keelan Marion,WR,ATL,1,,,,,,,,,,,,,,,,
FA,Ty Pezza,TE,BAL,1,,,,,,,,,,,,,,,,
FA,Octavian Smith Jr.,WR,BAL,1,,,,,,,,,,,,,,,,
FA,Jackson Acker,RB,,1,,,,,,,,,,,,,,,,
FA,Ja'Mori Maclin,WR,BUF,1,,,,,,,,,,,,,,,,
FA,Josh Kattus,TE,CIN,1,,,,,,,,,,,,,,,,
FA,Davon Booth,RB,CLE,1,,,,,,,,,,,,,,,,
FA,Kyron Drones,QB,,1,,,,,,,,,,,,,,,,
FA,Matthew Caldwell,QB,LAR,1,,,,,,,,,,,,,,,,
FA,Malick Meiga,WR,,1,,,,,,,,,,,,,,,,
FA,Coleman Bennett,RB,,1,,,,,,,,,,,,,,,,
FA,Gabriel Plascencia,K,,1,,,,,,,,,,,,,,,,
FA,TJ Harden,RB,,1,,,,,,,,,,,,,,,,
FA,Kole Wilson,WR,CLE,1,,,,,,,,,,,,,,,,
FA,Dominic Richardson,RB,TEN,1,,,,,,,,,,,,,,,,
FA,Jaden Nixon,RB,GB,1,,,,,,,,,,,,,,,,
FA,Kolbe Katsis,WR,DEN,1,,,,,,,,,,,,,,,,
FA,Joseph Manjack,WR,DEN,1,,,,,,,,,,,,,,,,
FA,Cameron Ross,WR,DEN,1,,,,,,,,,,,,,,,,
FA,Noah Short,WR,,1,,,,,,,,,,,,,,,,
FA,Joshua Pitsenberger,RB,HOU,1,,,,,,,,,,,,,,,,
FA,Treyvhon Saunders,WR,HOU,1,,,,,,,,,,,,,,,,
FA,Daniel Sobkowicz,WR,HOU,1,,,,,,,,,,,,,,,,
FA,Chamon Metayer,TE,,1,,,,,,,,,,,,,,,,
FA,Laith Marjan,K,PIT,1,,,,,,,,,,,,,,,,
FA,Anderson Castle,RB,IND,1,,,,,,,,,,,,,,,,
FA,E.J. Horton,WR,IND,1,,,,,,,,,,,,,,,,
FA,Raylen Sharpe,WR,IND,1,,,,,,,,,,,,,,,,
FA,Jordon Vaughn,RB,,1,,,,,,,,,,,,,,,,
FA,Chris Freeman,K,,1,,,,,,,,,,,,,,,,
FA,Jacob Clark,QB,LV,1,,,,,,,,,,,,,,,,
FA,E.J. Williams Jr.,WR,LV,1,,,,,,,,,,,,,,,,
FA,Matt Lauter,TE,TEN,1,,,,,,,,,,,,,,,,
FA,Kansei Matsuzawa,K,LV,1,,,,,,,,,,,,,,,,
FA,Kyle Dixon,WR,NE,1,,,,,,,,,,,,,,,,
FA,Malik McClain,WR,NYJ,1,,,,,,,,,,,,,,,,
FA,Chase Curtis,TE,NYJ,1,,,,,,,,,,,,,,,,
FA,Jameson Geers,TE,ARI,1,,,,,,,,,,,,,,,,
FA,Will Ferrin,K,,1,,,,,,,,,,,,,,,,
FA,Ethan Sanchez,K,,1,,,,,,,,,,,,,,,,
FA,Nick Degennaro,WR,NE,1,,,,,,,,,,,,,,,,
FA,Jimmy Kibble,WR,NE,1,,,,,,,,,,,,,,,,
FA,Myles Montgomery,RB,,1,,,,,,,,,,,,,,,,
FA,Sean Brown,WR,,1,,,,,,,,,,,,,,,,
FA,Damon Bankston,RB,NYG,1,,,,,,,,,,,,,,,,
FA,Sam Scott,RB,NYJ,1,,,,,,,,,,,,,,,,
FA,Michael Briscoe,WR,MIN,1,,,,,,,,,,,,,,,,
FA,Levi Wentz,WR,PIT,1,,,,,,,,,,,,,,,,
FA,Quentin Moore,TE,WAS,1,,,,,,,,,,,,,,,,
FA,Kenny Fletcher Jr.,TE,TB,1,,,,,,,,,,,,,,,,
FA,Corey Rucker,WR,LV,1,,,,,,,,,,,,,,,,
FA,Elijah Tau-Tolliver,RB,BAL,1,,,,,,,,,,,,,,,,
FA,Jacob De Jesus,WR,KC,1,,,,,,,,,,,,,,,,
FA,Omari Evans,WR,KC,1,,,,,,,,,,,,,,,,
FA,Patrick Gurd,TE,LV,1,,,,,,,,,,,,,,,,
FA,Xavier Loyd,WR,KC,1,,,,,,,,,,,,,,,,
FA,Jonathan Brady,WR,,1,,,,,,,,,,,,,,,,
FA,Brandon Frazier,TE,,1,,,,,,,,,,,,,,,,
FA,Sahmir Hagans,WR,IND,1,,,,,,,,,,,,,,,,
FA,Gabriel Benyard,WR,,1,,,,,,,,,,,,,,,,
FA,Kadarius Calloway,RB,,1,,,,,,,,,,,,,,,,
FA,Dean Patterson IV,WR,TB,1,,,,,,,,,,,,,,,,
FA,DJ Herman,RB,MIA,1,,,,,,,,,,,,,,,,
FA,Johnny Pascuzzi,TE,LAC,1,,,,,,,,,,,,,,,,
FA,Kyron Hudson,WR,,1,,,,,,,,,,,,,,,,
FA,Brock Rechsteiner,WR,NO,1,,,,,,,,,,,,,,,,
FA,Trayvon Rudolph,WR,MIN,1,,,,,,,,,,,,,,,,
FA,Rashad Rochelle,WR,SEA,1,,,,,,,,,,,,,,,,
FA,Mante' Morrow,WR,,1,,,,,,,,,,,,,,,,
FA,Terrill Davis,WR,MIN,1,,,,,,,,,,,,,,,,
FA,Miles Davis,RB,CAR,1,,,,,,,,,,,,,,,,
FA,Heinrich Haarberg,TE,,1,,,,,,,,,,,,,,,,
FA,Brandon Hayes,WR,,1,,,,,,,,,,,,,,,,
FA,Louis Hansen,TE,HOU,1,,,,,,,,,,,,,,,,
FA,Kyre Duplessis,WR,DEN,1,,,,,,,,,,,,,,,,
FA,Drew Biber,TE,,1,,,,,,,,,,,,,,,,
FA,Jeremiah Franklin,TE,MIA,1,,,,,,,,,,,,,,,,
FA,Tyler Moore,TE,,1,,,,,,,,,,,,,,,,
FA,Liam Clifford,WR,,1,,,,,,,,,,,,,,,,
FA,Connor Hulstein,TE,NYJ,1,,,,,,,,,,,,,,,,
FA,Grant Finley,RB,NYG,1,,,,,,,,,,,,,,,,
FA,Justin Jones,RB,,1,,,,,,,,,,,,,,,,